beneficiary_id,family_id,district_id,state_id,age,gender
1,1,1,1,12,F
2,1,1,1,13,F
3,2,1,1,77,M
4,2,1,1,71,M
5,2,1,1,64,F
6,3,1,1,16,M
7,3,1,1,95,F
8,3,1,1,6,F
9,4,1,1,5,F
10,4,1,1,53,M
11,4,1,1,68,M
12,5,1,1,97,F
13,5,1,1,4,F
14,5,1,1,80,F
15,6,1,1,49,M
16,6,1,1,2,M
17,6,1,1,73,M
18,7,1,1,83,M
19,7,1,1,25,F
20,7,1,1,56,F
21,8,1,1,9,F
22,8,1,1,12,F
23,8,1,1,64,M
24,9,1,1,53,M
25,9,1,1,44,M
26,9,1,1,9,F
27,10,1,1,16,M
28,10,1,1,62,M
29,10,1,1,13,M
30,11,1,1,77,F
31,11,1,1,16,M
32,11,1,1,90,F
33,12,1,1,12,F
34,12,1,1,27,F
35,12,1,1,8,M
36,13,1,1,14,F
37,13,1,1,70,F
38,13,1,1,88,F
39,14,1,1,23,M
40,14,1,1,41,M
41,14,1,1,71,M
42,15,1,1,9,M
43,15,1,1,75,F
44,15,1,1,52,F
45,16,1,1,26,F
46,16,1,1,44,M
47,16,1,1,62,M
48,17,1,1,62,F
49,17,1,1,73,F
50,17,1,1,6,F
51,18,1,1,9,M
52,18,1,1,95,F
53,18,1,1,97,M
54,19,1,1,41,M
55,19,1,1,85,F
56,19,1,1,81,M
57,20,1,1,9,M
58,20,1,1,45,M
59,20,1,1,52,F
60,21,1,1,1,F
61,21,1,1,86,F
62,21,1,1,14,M
63,22,1,1,86,M
64,22,1,1,5,F
65,22,1,1,78,M
66,23,1,1,7,F
67,23,1,1,94,M
68,23,1,1,16,F
69,24,1,1,96,M
70,24,1,1,66,F
71,24,1,1,100,F
72,25,1,1,33,F
73,25,1,1,7,M
74,25,1,1,3,M
75,26,1,1,51,M
76,26,1,1,51,M
77,26,1,1,4,M
78,27,1,1,13,M
79,27,1,1,84,M
80,27,1,1,42,F
81,28,1,1,60,M
82,28,1,1,45,F
83,28,1,1,14,F
84,29,1,1,77,M
85,29,1,1,5,F
86,29,1,1,22,F
87,30,1,1,36,M
88,30,1,1,61,M
89,30,1,1,3,F
90,31,1,1,76,M
91,31,1,1,15,M
92,31,1,1,44,M
93,32,1,1,31,F
94,32,1,1,35,M
95,32,1,1,33,M
96,33,1,1,3,M
97,33,1,1,97,M
98,33,1,1,10,F
99,34,1,1,38,F
100,34,1,1,89,M
101,34,1,1,25,F
102,35,1,1,16,F
103,35,1,1,17,F
104,35,1,1,9,F
105,36,1,1,13,M
106,36,1,1,50,M
107,36,1,1,70,M
108,37,1,1,3,F
109,37,1,1,40,M
110,37,1,1,3,M
111,38,1,1,83,M
112,38,1,1,51,M
113,38,1,1,28,M
114,39,1,1,50,M
115,39,1,1,54,F
116,39,1,1,59,F
117,40,1,1,93,M
118,40,1,1,61,F
119,40,1,1,14,F
120,41,1,1,7,F
121,41,1,1,35,M
122,41,1,1,0,M
123,42,1,1,4,M
124,42,1,1,41,M
125,42,1,1,92,M
126,43,1,1,86,F
127,43,1,1,17,F
128,43,1,1,80,F
129,44,1,1,54,M
130,44,1,1,60,F
131,44,1,1,92,M
132,45,1,1,93,M
133,45,1,1,16,M
134,45,1,1,69,M
135,46,1,1,16,M
136,46,1,1,66,M
137,46,1,1,63,F
138,47,1,1,41,F
139,47,1,1,89,M
140,47,1,1,5,F
141,48,1,1,80,M
142,48,1,1,0,M
143,48,1,1,57,F
144,49,1,1,9,F
145,49,1,1,46,F
146,49,1,1,47,M
147,50,1,1,4,M
148,50,1,1,46,F
149,50,1,1,50,M
150,51,1,1,32,M
151,51,1,1,18,M
152,51,1,1,88,M
153,52,1,1,62,M
154,52,1,1,22,F
155,52,1,1,97,M
156,53,1,1,92,M
157,53,1,1,84,M
158,53,1,1,86,M
159,54,1,1,10,F
160,54,1,1,74,F
161,54,1,1,77,M
162,55,1,1,16,M
163,55,1,1,26,M
164,55,1,1,83,M
165,56,1,1,12,F
166,56,1,1,22,M
167,56,1,1,13,M
168,57,1,1,28,F
169,57,1,1,84,F
170,57,1,1,22,F
171,58,1,1,62,F
172,58,1,1,93,M
173,58,1,1,86,F
174,59,1,1,10,F
175,59,1,1,2,F
176,59,1,1,21,F
177,60,1,1,32,M
178,60,1,1,26,M
179,60,1,1,15,F
180,61,1,1,0,M
181,61,1,1,24,M
182,61,1,1,94,F
183,62,1,1,55,M
184,62,1,1,67,F
185,62,1,1,41,F
186,63,1,1,19,F
187,63,1,1,47,M
188,63,1,1,30,F
189,64,1,1,61,M
190,64,1,1,54,F
191,64,1,1,29,M
192,65,1,1,18,M
193,65,1,1,32,F
194,65,1,1,36,F
195,66,1,1,61,F
196,66,1,1,76,M
197,66,1,1,59,F
198,67,1,1,42,F
199,67,1,1,5,M
200,67,1,1,61,M
201,68,1,1,77,M
202,68,1,1,1,M
203,68,1,1,99,M
204,69,1,1,35,M
205,69,1,1,66,F
206,69,1,1,39,M
207,70,1,1,8,M
208,70,1,1,88,M
209,70,1,1,74,M
210,71,1,1,10,F
211,71,1,1,3,M
212,71,1,1,91,M
213,72,1,1,35,F
214,72,1,1,60,F
215,72,1,1,94,F
216,73,1,1,54,F
217,73,1,1,80,F
218,73,1,1,88,F
219,74,1,1,34,M
220,74,1,1,81,F
221,74,1,1,72,F
222,75,1,1,55,F
223,75,1,1,33,F
224,75,1,1,14,F
225,76,1,1,19,M
226,76,1,1,8,M
227,76,1,1,26,M
228,77,1,1,65,M
229,77,1,1,30,F
230,77,1,1,45,F
231,78,1,1,3,F
232,78,1,1,27,M
233,78,1,1,83,F
234,79,1,1,37,F
235,79,1,1,18,F
236,79,1,1,83,F
237,80,1,1,45,M
238,80,1,1,39,F
239,80,1,1,32,M
240,81,1,1,27,F
241,81,1,1,67,F
242,81,1,1,91,M
243,82,1,1,89,M
244,82,1,1,5,F
245,82,1,1,8,F
246,83,1,1,10,F
247,83,1,1,25,M
248,83,2,1,20,F
249,84,2,1,16,F
250,84,2,1,15,M
251,84,2,1,36,M
252,85,2,1,100,F
253,85,2,1,13,M
254,85,2,1,74,M
255,86,2,1,71,M
256,86,2,1,12,M
257,86,2,1,55,M
258,87,2,1,7,M
259,87,2,1,48,M
260,87,2,1,36,F
261,88,2,1,72,M
262,88,2,1,53,M
263,88,2,1,74,M
264,89,2,1,96,M
265,89,2,1,50,F
266,89,2,1,49,F
267,90,2,1,27,M
268,90,2,1,4,M
269,90,2,1,6,F
270,91,2,1,82,M
271,91,2,1,76,M
272,91,2,1,22,F
273,92,2,1,60,M
274,92,2,1,41,F
275,92,2,1,0,F
276,93,2,1,79,M
277,93,2,1,32,F
278,93,2,1,56,F
279,94,2,1,65,F
280,94,2,1,10,F
281,94,2,1,54,F
282,95,2,1,36,F
283,95,2,1,19,M
284,95,2,1,80,M
285,96,2,1,16,F
286,96,2,1,14,F
287,96,2,1,48,F
288,97,2,1,20,F
289,97,2,1,82,M
290,97,2,1,38,F
291,98,2,1,76,F
292,98,2,1,16,F
293,98,2,1,47,M
294,99,2,1,5,F
295,99,2,1,39,M
296,99,2,1,63,F
297,100,2,1,34,M
298,100,2,1,5,M
299,100,2,1,28,M
300,101,2,1,18,F
301,101,2,1,37,F
302,101,2,1,31,F
303,102,2,1,22,F
304,102,2,1,16,F
305,102,2,1,13,M
306,103,2,1,19,M
307,103,2,1,11,F
308,103,2,1,16,F
309,104,2,1,98,M
310,104,2,1,17,F
311,104,2,1,10,M
312,105,2,1,65,M
313,105,2,1,16,M
314,105,2,1,46,M
315,106,2,1,57,F
316,106,2,1,6,M
317,106,2,1,49,F
318,107,2,1,37,F
319,107,2,1,11,M
320,107,2,1,15,F
321,108,2,1,6,M
322,108,2,1,28,M
323,108,2,1,49,M
324,109,2,1,9,F
325,109,2,1,5,M
326,109,2,1,7,F
327,110,2,1,53,M
328,110,2,1,73,F
329,110,2,1,34,F
330,111,2,1,17,F
331,111,2,1,18,M
332,111,2,1,53,M
333,112,2,1,94,M
334,112,2,1,55,F
335,112,2,1,59,M
336,113,2,1,14,M
337,113,2,1,9,F
338,113,2,1,34,F
339,114,2,1,17,M
340,114,2,1,17,F
341,114,2,1,65,F
342,115,2,1,4,M
343,115,2,1,91,M
344,115,2,1,31,M
345,116,2,1,58,F
346,116,2,1,80,M
347,116,2,1,3,F
348,117,2,1,52,F
349,117,2,1,33,F
350,117,2,1,63,F
351,118,2,1,94,F
352,118,2,1,32,M
353,118,2,1,87,F
354,119,2,1,53,M
355,119,2,1,5,M
356,119,2,1,100,F
357,120,2,1,49,M
358,120,2,1,36,F
359,120,2,1,90,M
360,121,2,1,100,F
361,121,2,1,56,F
362,121,2,1,97,F
363,122,2,1,22,F
364,122,2,1,19,M
365,122,2,1,83,F
366,123,2,1,29,F
367,123,2,1,17,F
368,123,2,1,78,M
369,124,2,1,35,F
370,124,2,1,15,M
371,124,2,1,97,F
372,125,2,1,84,M
373,125,2,1,59,F
374,125,2,1,30,M
375,126,2,1,42,F
376,126,2,1,55,M
377,126,2,1,12,M
378,127,2,1,92,F
379,127,2,1,86,F
380,127,2,1,7,M
381,128,2,1,65,F
382,128,2,1,46,F
383,128,2,1,5,M
384,129,2,1,35,M
385,129,2,1,58,M
386,129,2,1,40,F
387,130,2,1,41,F
388,130,2,1,30,F
389,130,2,1,98,M
390,131,2,1,35,M
391,131,2,1,26,M
392,131,2,1,84,F
393,132,2,1,73,F
394,132,2,1,21,F
395,132,2,1,79,F
396,133,2,1,67,F
397,133,2,1,84,F
398,133,2,1,45,F
399,134,2,1,20,F
400,134,2,1,35,F
401,134,2,1,85,M
402,135,2,1,49,M
403,135,2,1,83,F
404,135,2,1,2,F
405,136,2,1,65,F
406,136,2,1,26,M
407,136,2,1,39,M
408,137,2,1,7,F
409,137,2,1,85,F
410,137,2,1,6,F
411,138,2,1,0,M
412,138,2,1,29,M
413,138,2,1,4,F
414,139,2,1,20,F
415,139,2,1,58,F
416,139,2,1,83,F
417,140,2,1,95,F
418,140,2,1,85,M
419,140,2,1,54,M
420,141,2,1,56,F
421,141,2,1,100,M
422,141,2,1,32,M
423,142,2,1,72,M
424,142,2,1,33,F
425,142,2,1,89,M
426,143,2,1,19,M
427,143,2,1,17,F
428,143,2,1,32,M
429,144,2,1,44,M
430,144,2,1,10,M
431,144,2,1,53,F
432,145,2,1,54,M
433,145,2,1,40,M
434,145,2,1,14,F
435,146,2,1,35,M
436,146,2,1,88,F
437,146,2,1,89,M
438,147,2,1,4,F
439,147,2,1,99,F
440,147,2,1,57,F
441,148,2,1,63,F
442,148,2,1,82,M
443,148,2,1,100,F
444,149,2,1,6,F
445,149,2,1,49,F
446,149,2,1,100,F
447,150,2,1,1,F
448,150,2,1,16,M
449,150,2,1,90,F
450,151,2,1,80,F
451,151,2,1,73,M
452,151,2,1,53,F
453,152,2,1,13,M
454,152,2,1,55,M
455,152,2,1,56,M
456,153,2,1,18,F
457,153,2,1,2,F
458,153,2,1,68,M
459,154,2,1,90,F
460,154,2,1,70,M
461,154,2,1,12,F
462,155,2,1,44,F
463,155,2,1,80,F
464,155,2,1,90,F
465,156,2,1,97,F
466,156,2,1,70,F
467,156,2,1,77,F
468,157,2,1,96,M
469,157,2,1,71,M
470,157,2,1,84,F
471,158,2,1,97,F
472,158,2,1,5,F
473,158,2,1,0,M
474,159,2,1,35,F
475,159,2,1,50,F
476,159,2,1,6,M
477,160,2,1,37,F
478,160,2,1,90,M
479,160,2,1,58,F
480,161,2,1,90,F
481,161,2,1,58,M
482,161,2,1,8,M
483,162,2,1,18,F
484,162,2,1,7,M
485,162,2,1,87,M
486,163,2,1,27,F
487,163,2,1,61,F
488,163,2,1,51,M
489,164,2,1,87,M
490,164,2,1,80,F
491,164,2,1,93,F
492,165,2,1,1,F
493,165,2,1,13,F
494,165,2,1,95,F
495,166,2,1,6,F
496,166,2,1,45,F
497,166,2,1,3,F
498,167,2,1,11,M
499,167,2,1,94,F
500,167,2,1,5,M
501,168,3,1,52,M
502,168,3,1,3,F
503,168,3,1,14,M
504,169,3,1,75,M
505,169,3,1,4,M
506,169,3,1,50,M
507,170,3,1,19,M
508,170,3,1,75,M
509,170,3,1,16,M
510,171,3,1,99,F
511,171,3,1,76,M
512,171,3,1,59,M
513,172,3,1,7,F
514,172,3,1,75,M
515,172,3,1,51,M
516,173,3,1,10,M
517,173,3,1,7,F
518,173,3,1,43,M
519,174,3,1,37,F
520,174,3,1,42,M
521,174,3,1,34,M
522,175,3,1,94,M
523,175,3,1,67,F
524,175,3,1,35,M
525,176,3,1,3,F
526,176,3,1,82,F
527,176,3,1,63,F
528,177,3,1,66,F
529,177,3,1,4,M
530,177,3,1,19,M
531,178,3,1,3,F
532,178,3,1,55,F
533,178,3,1,26,F
534,179,3,1,34,F
535,179,3,1,6,M
536,179,3,1,83,M
537,180,3,1,32,M
538,180,3,1,30,F
539,180,3,1,28,M
540,181,3,1,18,F
541,181,3,1,60,F
542,181,3,1,95,F
543,182,3,1,4,M
544,182,3,1,5,M
545,182,3,1,70,F
546,183,3,1,78,M
547,183,3,1,50,F
548,183,3,1,61,F
549,184,3,1,22,F
550,184,3,1,85,M
551,184,3,1,97,F
552,185,3,1,22,M
553,185,3,1,9,F
554,185,3,1,13,M
555,186,3,1,22,F
556,186,3,1,6,F
557,186,3,1,49,F
558,187,3,1,82,M
559,187,3,1,53,F
560,187,3,1,1,F
561,188,3,1,65,F
562,188,3,1,91,F
563,188,3,1,0,M
564,189,3,1,48,F
565,189,3,1,4,M
566,189,3,1,5,M
567,190,3,1,25,F
568,190,3,1,21,F
569,190,3,1,18,F
570,191,3,1,73,M
571,191,3,1,86,M
572,191,3,1,9,M
573,192,3,1,61,F
574,192,3,1,33,F
575,192,3,1,38,F
576,193,3,1,30,M
577,193,3,1,71,M
578,193,3,1,21,M
579,194,3,1,17,F
580,194,3,1,43,F
581,194,3,1,2,F
582,195,3,1,99,M
583,195,3,1,0,F
584,195,3,1,94,M
585,196,3,1,72,F
586,196,3,1,19,M
587,196,3,1,40,F
588,197,3,1,10,F
589,197,3,1,44,M
590,197,3,1,40,F
591,198,3,1,4,M
592,198,3,1,32,F
593,198,3,1,91,F
594,199,3,1,49,F
595,199,3,1,65,F
596,199,3,1,17,F
597,200,3,1,1,F
598,200,3,1,10,F
599,200,3,1,80,F
600,201,3,1,5,M
601,201,3,1,14,F
602,201,3,1,43,F
603,202,3,1,85,F
604,202,3,1,13,M
605,202,3,1,4,M
606,203,3,1,44,M
607,203,3,1,89,F
608,203,3,1,22,M
609,204,3,1,14,M
610,204,3,1,15,M
611,204,3,1,52,M
612,205,3,1,10,F
613,205,3,1,36,F
614,205,3,1,62,F
615,206,3,1,84,F
616,206,3,1,9,M
617,206,3,1,36,F
618,207,3,1,76,M
619,207,3,1,22,M
620,207,3,1,18,F
621,208,3,1,2,F
622,208,3,1,80,M
623,208,3,1,58,M
624,209,3,1,54,F
625,209,3,1,35,M
626,209,3,1,34,M
627,210,3,1,19,F
628,210,3,1,40,M
629,210,3,1,34,F
630,211,3,1,98,M
631,211,3,1,41,M
632,211,3,1,2,F
633,212,3,1,99,M
634,212,3,1,24,F
635,212,3,1,26,F
636,213,3,1,62,M
637,213,3,1,75,F
638,213,3,1,3,M
639,214,3,1,47,F
640,214,3,1,17,M
641,214,3,1,20,M
642,215,3,1,90,F
643,215,3,1,97,F
644,215,3,1,7,M
645,216,3,1,18,F
646,216,3,1,57,F
647,216,3,1,78,M
648,217,3,1,58,F
649,217,3,1,41,M
650,217,3,1,23,M
651,218,3,1,95,F
652,218,3,1,94,F
653,218,3,1,11,M
654,219,3,1,9,F
655,219,3,1,82,M
656,219,3,1,41,M
657,220,3,1,60,M
658,220,3,1,52,M
659,220,3,1,9,M
660,221,3,1,67,M
661,221,3,1,29,M
662,221,3,1,97,F
663,222,3,1,71,F
664,222,3,1,14,M
665,222,3,1,18,F
666,223,3,1,89,M
667,223,3,1,24,F
668,223,3,1,35,F
669,224,3,1,74,F
670,224,3,1,96,M
671,224,3,1,76,M
672,225,3,1,85,M
673,225,3,1,57,F
674,225,3,1,47,M
675,226,3,1,66,M
676,226,3,1,17,M
677,226,3,1,16,M
678,227,3,1,80,M
679,227,3,1,94,M
680,227,3,1,78,F
681,228,3,1,92,F
682,228,3,1,3,F
683,228,3,1,14,M
684,229,3,1,25,M
685,229,3,1,19,M
686,229,3,1,81,F
687,230,3,1,75,M
688,230,3,1,2,F
689,230,3,1,64,M
690,231,3,1,71,F
691,231,3,1,34,M
692,231,3,1,89,M
693,232,3,1,15,M
694,232,3,1,46,F
695,232,3,1,6,F
696,233,3,1,14,M
697,233,3,1,2,F
698,233,3,1,57,F
699,234,3,1,3,F
700,234,3,1,52,M
701,234,3,1,56,M
702,235,3,1,66,F
703,235,3,1,31,F
704,235,3,1,14,F
705,236,3,1,11,M
706,236,3,1,43,F
707,236,3,1,4,M
708,237,3,1,27,F
709,237,3,1,2,F
710,237,3,1,98,F
711,238,3,1,70,F
712,238,3,1,75,F
713,238,3,1,14,M
714,239,3,1,73,F
715,239,3,1,8,F
716,239,3,1,46,M
717,240,3,1,80,F
718,240,3,1,98,F
719,240,3,1,56,M
720,241,3,1,3,F
721,241,3,1,2,M
722,241,3,1,2,M
723,242,3,1,87,F
724,242,3,1,92,F
725,242,3,1,99,F
726,243,3,1,15,M
727,243,3,1,17,M
728,243,3,1,84,F
729,244,3,1,16,F
730,244,3,1,32,F
731,244,3,1,69,F
732,245,3,1,21,M
733,245,3,1,40,F
734,245,3,1,24,F
735,246,3,1,76,F
736,246,3,1,4,M
737,246,3,1,46,F
738,247,3,1,6,F
739,247,3,1,59,F
740,247,3,1,33,F
741,248,3,1,10,F
742,248,3,1,22,M
743,248,3,1,67,F
744,249,3,1,54,F
745,249,3,1,16,M
746,249,3,1,4,F
747,250,3,1,23,M
748,250,3,1,95,M
749,250,3,1,82,F
750,251,3,1,2,M
751,251,3,1,14,F
752,251,3,1,23,M
753,252,3,1,53,F
754,252,3,1,94,F
755,252,3,1,33,M
756,253,3,1,49,F
757,253,3,1,28,F
758,253,3,1,15,M
759,254,3,1,1,M
760,254,3,1,40,F
761,254,3,1,90,M
762,255,3,1,15,F
763,255,3,1,65,M
764,255,3,1,100,F
765,256,3,1,63,F
766,256,3,1,12,M
767,256,4,1,34,F
768,257,4,1,100,F
769,257,4,1,60,M
770,257,4,1,46,F
771,258,4,1,87,M
772,258,4,1,66,M
773,258,4,1,76,M
774,259,4,1,7,M
775,259,4,1,75,M
776,259,4,1,75,M
777,260,4,1,23,F
778,260,4,1,36,M
779,260,4,1,54,M
780,261,4,1,3,F
781,261,4,1,100,F
782,261,4,1,43,F
783,262,4,1,79,M
784,262,4,1,7,F
785,262,4,1,57,F
786,263,4,1,36,F
787,263,4,1,7,M
788,263,4,1,72,M
789,264,4,1,32,M
790,264,4,1,80,M
791,264,4,1,18,M
792,265,4,1,19,M
793,265,4,1,21,F
794,265,4,1,82,F
795,266,4,1,11,F
796,266,4,1,7,F
797,266,4,1,54,M
798,267,4,1,40,M
799,267,4,1,51,M
800,267,4,1,10,F
801,268,4,1,81,M
802,268,4,1,79,M
803,268,4,1,4,F
804,269,4,1,58,F
805,269,4,1,54,M
806,269,4,1,40,F
807,270,4,1,57,F
808,270,4,1,38,F
809,270,4,1,17,M
810,271,4,1,63,M
811,271,4,1,33,F
812,271,4,1,36,F
813,272,4,1,53,F
814,272,4,1,84,F
815,272,4,1,68,F
816,273,4,1,98,M
817,273,4,1,72,M
818,273,4,1,19,F
819,274,4,1,7,F
820,274,4,1,14,M
821,274,4,1,3,F
822,275,4,1,84,F
823,275,4,1,15,M
824,275,4,1,78,F
825,276,4,1,11,M
826,276,4,1,40,F
827,276,4,1,40,F
828,277,4,1,40,M
829,277,4,1,94,F
830,277,4,1,96,M
831,278,4,1,50,M
832,278,4,1,3,F
833,278,4,1,52,F
834,279,4,1,17,M
835,279,4,1,82,F
836,279,4,1,8,F
837,280,4,1,68,F
838,280,4,1,24,F
839,280,4,1,3,M
840,281,4,1,23,F
841,281,4,1,4,F
842,281,4,1,72,F
843,282,4,1,79,M
844,282,4,1,7,M
845,282,4,1,27,F
846,283,4,1,47,F
847,283,4,1,71,M
848,283,4,1,52,F
849,284,4,1,40,M
850,284,4,1,2,F
851,284,4,1,77,F
852,285,4,1,9,M
853,285,4,1,19,F
854,285,4,1,9,F
855,286,4,1,51,F
856,286,4,1,65,F
857,286,4,1,37,M
858,287,4,1,24,M
859,287,4,1,98,F
860,287,4,1,76,M
861,288,4,1,52,F
862,288,4,1,97,M
863,288,4,1,67,F
864,289,4,1,10,F
865,289,4,1,8,M
866,289,4,1,1,M
867,290,4,1,11,F
868,290,4,1,18,M
869,290,4,1,29,M
870,291,4,1,29,F
871,291,4,1,85,M
872,291,4,1,65,M
873,292,4,1,47,F
874,292,4,1,43,F
875,292,4,1,95,F
876,293,4,1,90,F
877,293,4,1,46,F
878,293,4,1,53,M
879,294,4,1,95,F
880,294,4,1,47,M
881,294,4,1,93,F
882,295,4,1,73,M
883,295,4,1,63,F
884,295,4,1,19,F
885,296,4,1,47,F
886,296,4,1,17,F
887,296,4,1,88,F
888,297,4,1,79,M
889,297,4,1,17,F
890,297,4,1,95,M
891,298,4,1,21,F
892,298,4,1,59,F
893,298,4,1,12,F
894,299,4,1,92,F
895,299,4,1,8,M
896,299,4,1,14,M
897,300,4,1,57,M
898,300,4,1,6,F
899,300,4,1,66,M
900,301,4,1,62,M
901,301,4,1,0,M
902,301,4,1,29,F
903,302,4,1,37,M
904,302,4,1,71,F
905,302,4,1,19,M
906,303,4,1,89,M
907,303,4,1,58,M
908,303,4,1,44,M
909,304,4,1,90,M
910,304,4,1,30,M
911,304,4,1,93,M
912,305,4,1,100,F
913,305,4,1,75,M
914,305,4,1,93,F
915,306,4,1,86,M
916,306,4,1,18,M
917,306,4,1,92,F
918,307,4,1,17,F
919,307,4,1,87,M
920,307,4,1,82,F
921,308,4,1,16,M
922,308,4,1,20,F
923,308,4,1,58,M
924,309,4,1,0,F
925,309,4,1,75,M
926,309,4,1,10,F
927,310,4,1,80,F
928,310,4,1,5,M
929,310,4,1,11,M
930,311,4,1,37,M
931,311,4,1,0,F
932,311,4,1,14,F
933,312,4,1,95,F
934,312,4,1,50,M
935,312,4,1,15,F
936,313,4,1,63,M
937,313,4,1,60,F
938,313,4,1,18,F
939,314,4,1,63,F
940,314,4,1,63,F
941,314,4,1,24,M
942,315,4,1,13,M
943,315,4,1,37,F
944,315,4,1,70,F
945,316,4,1,30,F
946,316,4,1,71,M
947,316,4,1,72,M
948,317,4,1,43,F
949,317,4,1,4,M
950,317,4,1,3,M
951,318,4,1,49,M
952,318,4,1,9,F
953,318,4,1,7,M
954,319,4,1,66,F
955,319,4,1,5,F
956,319,4,1,77,F
957,320,4,1,7,F
958,320,4,1,35,M
959,320,4,1,47,F
960,321,4,1,67,F
961,321,4,1,15,M
962,321,4,1,70,M
963,322,4,1,2,F
964,322,4,1,64,M
965,322,4,1,93,M
966,323,4,1,99,F
967,323,4,1,1,F
968,323,4,1,10,M
969,324,4,1,72,F
970,324,4,1,25,F
971,324,4,1,34,F
972,325,4,1,25,M
973,325,4,1,59,F
974,325,4,1,7,F
975,326,4,1,43,M
976,326,4,1,81,M
977,326,4,1,98,F
978,327,4,1,61,F
979,327,4,1,44,M
980,327,4,1,14,F
981,328,4,1,9,M
982,328,4,1,93,M
983,328,4,1,1,F
984,329,4,1,54,M
985,329,4,1,14,M
986,329,4,1,6,M
987,330,4,1,34,M
988,330,4,1,14,M
989,330,4,1,28,M
990,331,4,1,45,M
991,331,4,1,8,F
992,331,4,1,14,F
993,332,4,1,49,F
994,332,4,1,14,M
995,332,4,1,99,M
996,333,4,1,30,F
997,333,4,1,3,M
998,333,4,1,55,F
999,334,4,1,47,M
1000,334,4,1,97,F
1001,334,4,1,75,F
1002,335,4,1,64,F
1003,335,4,1,9,F
1004,335,4,1,11,F
1005,336,4,1,14,M
1006,336,4,1,18,M
1007,336,4,1,77,M
1008,337,4,1,48,F
1009,337,4,1,47,M
1010,337,4,1,26,F
1011,338,4,1,12,M
1012,338,4,1,91,F
1013,338,4,1,5,M
1014,339,4,1,3,F
1015,339,4,1,61,M
1016,339,4,1,85,M
1017,340,4,1,77,M
1018,340,4,1,38,F
1019,340,4,1,18,M
1020,341,4,1,12,M
1021,341,4,1,96,M
1022,341,4,1,70,F
1023,342,4,1,90,M
1024,342,4,1,27,M
1025,342,4,1,46,F
1026,343,4,1,26,F
1027,343,4,1,18,F
1028,343,4,1,42,F
1029,344,4,1,36,F
1030,344,4,1,72,F
1031,344,4,1,90,F
1032,345,4,1,18,M
1033,345,4,1,48,M
1034,345,4,1,69,M
1035,346,4,1,15,F
1036,346,4,1,17,M
1037,346,4,1,19,F
1038,347,4,1,48,M
1039,347,4,1,40,F
1040,347,4,1,15,F
1041,348,4,1,96,F
1042,348,4,1,35,F
1043,348,4,1,10,F
1044,349,4,1,11,M
1045,349,4,1,43,M
1046,349,4,1,94,M
1047,350,4,1,72,F
1048,350,4,1,8,M
1049,350,4,1,4,M
1050,351,4,1,0,F
1051,351,4,1,25,F
1052,351,4,1,59,M
1053,352,4,1,0,F
1054,352,4,1,0,F
1055,352,4,1,44,F
1056,353,4,1,1,F
1057,353,4,1,77,M
1058,353,4,1,6,M
1059,354,4,1,43,M
1060,354,4,1,11,F
1061,354,4,1,78,F
1062,355,4,1,76,M
1063,355,4,1,25,F
1064,355,4,1,35,M
1065,356,4,1,99,M
1066,356,4,1,18,M
1067,356,4,1,59,M
1068,357,4,1,5,F
1069,357,4,1,25,F
1070,357,4,1,3,M
1071,358,4,1,65,M
1072,358,4,1,40,F
1073,358,4,1,58,F
1074,359,4,1,48,M
1075,359,4,1,88,M
1076,359,4,1,13,F
1077,360,4,1,16,M
1078,360,4,1,62,F
1079,360,4,1,88,M
1080,361,4,1,10,F
1081,361,4,1,0,M
1082,361,4,1,51,F
1083,362,4,1,92,F
1084,362,4,1,9,M
1085,362,4,1,48,F
1086,363,4,1,61,F
1087,363,4,1,26,M
1088,363,4,1,75,M
1089,364,4,1,40,F
1090,364,4,1,3,F
1091,364,4,1,14,M
1092,365,4,1,21,F
1093,365,4,1,97,F
1094,365,4,1,1,F
1095,366,4,1,74,F
1096,366,4,1,39,F
1097,366,4,1,46,F
1098,367,4,1,32,F
1099,367,4,1,5,F
1100,367,4,1,76,M
1101,368,4,1,4,M
1102,368,4,1,25,M
1103,368,4,1,69,F
1104,369,4,1,23,M
1105,369,4,1,0,F
1106,369,4,1,33,F
1107,370,4,1,6,M
1108,370,4,1,11,F
1109,370,4,1,47,F
1110,371,4,1,6,M
1111,371,4,1,22,M
1112,371,4,1,52,F
1113,372,4,1,84,M
1114,372,4,1,17,F
1115,372,4,1,74,M
1116,373,4,1,49,M
1117,373,4,1,62,M
1118,373,4,1,8,F
1119,374,4,1,16,M
1120,374,4,1,3,F
1121,374,4,1,16,F
1122,375,4,1,38,M
1123,375,4,1,23,M
1124,375,4,1,67,F
1125,376,4,1,51,M
1126,376,4,1,35,M
1127,376,4,1,18,F
1128,377,4,1,20,F
1129,377,4,1,77,F
1130,377,4,1,33,F
1131,378,4,1,78,M
1132,378,4,1,18,M
1133,378,4,1,37,M
1134,379,4,1,96,F
1135,379,4,1,17,F
1136,379,4,1,97,M
1137,380,4,1,19,F
1138,380,4,1,78,F
1139,380,4,1,24,M
1140,381,4,1,51,M
1141,381,4,1,62,M
1142,381,4,1,95,F
1143,382,4,1,94,M
1144,382,4,1,33,F
1145,382,4,1,80,M
1146,383,4,1,79,F
1147,383,4,1,61,M
1148,383,4,1,56,M
1149,384,4,1,15,M
1150,384,4,1,66,F
1151,384,4,1,4,F
1152,385,4,1,50,F
1153,385,4,1,45,F
1154,385,4,1,64,M
1155,386,4,1,6,M
1156,386,4,1,59,F
1157,386,4,1,10,M
1158,387,4,1,48,F
1159,387,4,1,96,F
1160,387,4,1,96,F
1161,388,4,1,6,M
1162,388,4,1,15,M
1163,388,4,1,33,F
1164,389,4,1,36,M
1165,389,4,1,21,M
1166,389,4,1,38,F
1167,390,4,1,30,M
1168,390,4,1,7,M
1169,390,4,1,22,F
1170,391,4,1,35,M
1171,391,4,1,43,F
1172,391,4,1,37,F
1173,392,4,1,67,F
1174,392,4,1,19,F
1175,392,4,1,2,M
1176,393,4,1,1,F
1177,393,4,1,58,M
1178,393,4,1,92,M
1179,394,4,1,42,M
1180,394,4,1,20,F
1181,394,4,1,95,M
1182,395,4,1,76,M
1183,395,4,1,11,F
1184,395,4,1,27,M
1185,396,4,1,34,F
1186,396,4,1,27,M
1187,396,4,1,12,M
1188,397,4,1,49,M
1189,397,5,1,11,M
1190,397,5,1,15,F
1191,398,5,1,43,F
1192,398,5,1,52,F
1193,398,5,1,51,F
1194,399,5,1,22,F
1195,399,5,1,54,F
1196,399,5,1,91,M
1197,400,5,1,61,F
1198,400,5,1,7,F
1199,400,5,1,7,F
1200,401,5,1,63,F
1201,401,5,1,30,M
1202,401,5,1,49,F
1203,402,5,1,11,M
1204,402,5,1,47,F
1205,402,5,1,17,M
1206,403,5,1,19,F
1207,403,5,1,54,F
1208,403,5,1,95,F
1209,404,5,1,8,F
1210,404,5,1,96,F
1211,404,5,1,29,F
1212,405,5,1,30,F
1213,405,5,1,39,M
1214,405,5,1,48,M
1215,406,5,1,17,F
1216,406,5,1,13,F
1217,406,5,1,10,F
1218,407,5,1,48,F
1219,407,5,1,46,M
1220,407,5,1,49,F
1221,408,5,1,73,F
1222,408,5,1,45,M
1223,408,5,1,71,F
1224,409,5,1,46,F
1225,409,5,1,6,M
1226,409,5,1,18,M
1227,410,5,1,34,F
1228,410,5,1,84,M
1229,410,5,1,33,M
1230,411,5,1,73,M
1231,411,5,1,12,F
1232,411,5,1,84,F
1233,412,5,1,10,M
1234,412,5,1,74,M
1235,412,5,1,77,F
1236,413,5,1,44,M
1237,413,5,1,19,F
1238,413,5,1,17,F
1239,414,5,1,95,M
1240,414,5,1,8,F
1241,414,5,1,91,F
1242,415,5,1,84,M
1243,415,5,1,64,M
1244,415,5,1,15,F
1245,416,5,1,80,F
1246,416,5,1,39,F
1247,416,5,1,55,F
1248,417,5,1,34,M
1249,417,5,1,28,F
1250,417,5,1,64,F
1251,418,5,1,35,F
1252,418,5,1,19,M
1253,418,5,1,85,M
1254,419,5,1,68,F
1255,419,5,1,56,F
1256,419,5,1,82,F
1257,420,5,1,13,F
1258,420,5,1,79,F
1259,420,5,1,16,F
1260,421,5,1,20,M
1261,421,5,1,48,F
1262,421,5,1,75,M
1263,422,5,1,2,F
1264,422,5,1,0,M
1265,422,5,1,33,M
1266,423,5,1,100,F
1267,423,5,1,12,M
1268,423,5,1,86,F
1269,424,5,1,9,F
1270,424,5,1,5,F
1271,424,5,1,15,F
1272,425,5,1,60,M
1273,425,5,1,3,F
1274,425,5,1,67,M
1275,426,5,1,31,M
1276,426,5,1,65,M
1277,426,5,1,12,M
1278,427,5,1,8,M
1279,427,5,1,42,F
1280,427,5,1,0,F
1281,428,5,1,78,F
1282,428,5,1,63,F
1283,428,5,1,4,F
1284,429,5,1,5,M
1285,429,5,1,6,F
1286,429,5,1,86,M
1287,430,5,1,26,M
1288,430,5,1,57,M
1289,430,5,1,4,M
1290,431,5,1,53,M
1291,431,5,1,33,M
1292,431,5,1,55,M
1293,432,5,1,91,F
1294,432,5,1,84,M
1295,432,5,1,88,M
1296,433,5,1,71,F
1297,433,5,1,22,F
1298,433,5,1,19,M
1299,434,5,1,14,M
1300,434,5,1,15,F
1301,434,5,1,74,M
1302,435,5,1,82,F
1303,435,5,1,12,M
1304,435,5,1,70,F
1305,436,5,1,58,M
1306,436,5,1,39,M
1307,436,5,1,14,M
1308,437,5,1,43,M
1309,437,5,1,99,F
1310,437,5,1,7,F
1311,438,5,1,24,M
1312,438,5,1,72,M
1313,438,5,1,1,M
1314,439,5,1,0,M
1315,439,5,1,2,M
1316,439,5,1,94,F
1317,440,5,1,41,F
1318,440,5,1,31,F
1319,440,5,1,4,M
1320,441,5,1,16,F
1321,441,5,1,4,M
1322,441,5,1,97,M
1323,442,5,1,44,F
1324,442,5,1,50,M
1325,442,5,1,18,F
1326,443,5,1,68,M
1327,443,5,1,3,M
1328,443,5,1,91,M
1329,444,5,1,34,M
1330,444,5,1,18,M
1331,444,5,1,7,M
1332,445,5,1,64,M
1333,445,5,1,40,F
1334,445,5,1,43,F
1335,446,5,1,10,M
1336,446,5,1,70,F
1337,446,5,1,68,M
1338,447,5,1,73,M
1339,447,5,1,20,F
1340,447,5,1,16,M
1341,448,5,1,15,M
1342,448,5,1,40,F
1343,448,5,1,3,M
1344,449,5,1,24,F
1345,449,5,1,73,M
1346,449,5,1,13,M
1347,450,5,1,2,M
1348,450,5,1,14,F
1349,450,5,1,24,M
1350,451,5,1,10,M
1351,451,5,1,46,F
1352,451,5,1,13,M
1353,452,5,1,30,F
1354,452,5,1,16,M
1355,452,5,1,49,M
1356,453,5,1,40,M
1357,453,5,1,10,M
1358,453,5,1,95,M
1359,454,5,1,86,F
1360,454,5,1,73,F
1361,454,5,1,19,F
1362,455,5,1,0,M
1363,455,5,1,17,F
1364,455,5,1,69,M
1365,456,5,1,36,F
1366,456,5,1,100,M
1367,456,5,1,68,M
1368,457,5,1,9,F
1369,457,5,1,1,F
1370,457,5,1,56,M
1371,458,5,1,95,M
1372,458,5,1,71,F
1373,458,5,1,82,F
1374,459,5,1,6,M
1375,459,5,1,30,M
1376,459,5,1,97,M
1377,460,5,1,66,M
1378,460,5,1,2,M
1379,460,5,1,88,F
1380,461,5,1,64,F
1381,461,5,1,35,M
1382,461,5,1,50,M
1383,462,5,1,57,F
1384,462,5,1,4,M
1385,462,5,1,32,M
1386,463,5,1,14,F
1387,463,5,1,82,F
1388,463,5,1,64,F
1389,464,5,1,19,F
1390,464,5,1,14,M
1391,464,5,1,8,M
1392,465,5,1,9,M
1393,465,5,1,34,F
1394,465,5,1,29,F
1395,466,5,1,96,M
1396,466,5,1,34,F
1397,466,5,1,16,M
1398,467,5,1,5,F
1399,467,5,1,79,M
1400,467,5,1,13,F
1401,468,5,1,8,M
1402,468,5,1,97,F
1403,468,5,1,42,F
1404,469,5,1,15,M
1405,469,5,1,1,F
1406,469,5,1,83,M
1407,470,5,1,5,M
1408,470,5,1,77,M
1409,470,5,1,7,M
1410,471,5,1,80,M
1411,471,5,1,7,F
1412,471,5,1,25,M
1413,472,5,1,50,F
1414,472,5,1,91,M
1415,472,5,1,1,M
1416,473,5,1,11,F
1417,473,5,1,77,M
1418,473,5,1,89,F
1419,474,5,1,7,F
1420,474,5,1,3,F
1421,474,5,1,79,F
1422,475,5,1,40,F
1423,475,5,1,62,M
1424,475,5,1,22,M
1425,476,5,1,16,F
1426,476,5,1,86,M
1427,476,5,1,54,M
1428,477,5,1,58,F
1429,477,5,1,29,F
1430,477,5,1,3,F
1431,478,5,1,26,F
1432,478,5,1,12,M
1433,478,5,1,56,M
1434,479,5,1,99,F
1435,479,5,1,38,F
1436,479,5,1,21,F
1437,480,5,1,26,M
1438,480,5,1,1,M
1439,480,5,1,1,F
1440,481,5,1,3,F
1441,481,5,1,44,M
1442,481,5,1,97,M
1443,482,5,1,14,M
1444,482,5,1,16,M
1445,482,5,1,72,M
1446,483,5,1,49,F
1447,483,5,1,22,M
1448,483,5,1,10,F
1449,484,5,1,77,F
1450,484,5,1,90,M
1451,484,5,1,65,F
1452,485,5,1,94,M
1453,485,5,1,48,M
1454,485,5,1,81,F
1455,486,5,1,45,M
1456,486,5,1,39,M
1457,486,5,1,3,M
1458,487,5,1,1,F
1459,487,6,2,91,M
1460,487,6,2,77,F
1461,488,6,2,66,F
1462,488,6,2,3,M
1463,488,6,2,50,M
1464,489,6,2,73,F
1465,489,6,2,96,F
1466,489,6,2,65,F
1467,490,6,2,50,F
1468,490,6,2,18,M
1469,490,6,2,98,F
1470,491,6,2,75,F
1471,491,6,2,58,M
1472,491,6,2,65,F
1473,492,6,2,13,M
1474,492,6,2,25,F
1475,492,6,2,7,M
1476,493,6,2,94,F
1477,493,6,2,82,M
1478,493,6,2,11,F
1479,494,6,2,91,M
1480,494,6,2,57,M
1481,494,6,2,93,M
1482,495,6,2,20,M
1483,495,6,2,14,F
1484,495,6,2,10,M
1485,496,6,2,79,F
1486,496,6,2,34,F
1487,496,6,2,12,M
1488,497,6,2,22,M
1489,497,6,2,67,M
1490,497,6,2,26,F
1491,498,6,2,97,F
1492,498,6,2,39,F
1493,498,6,2,22,F
1494,499,6,2,6,F
1495,499,6,2,75,M
1496,499,6,2,9,M
1497,500,6,2,76,M
1498,500,6,2,17,F
1499,500,6,2,15,M
1500,501,6,2,4,M
1501,501,6,2,87,M
1502,501,6,2,68,M
1503,502,6,2,20,F
1504,502,6,2,65,F
1505,502,6,2,94,M
1506,503,6,2,53,F
1507,503,6,2,9,M
1508,503,6,2,20,M
1509,504,6,2,29,F
1510,504,6,2,59,F
1511,504,6,2,14,M
1512,505,6,2,27,F
1513,505,6,2,9,F
1514,505,6,2,0,M
1515,506,6,2,17,F
1516,506,6,2,12,M
1517,506,6,2,12,F
1518,507,6,2,98,F
1519,507,6,2,82,F
1520,507,6,2,74,F
1521,508,6,2,39,F
1522,508,6,2,5,F
1523,508,6,2,11,F
1524,509,6,2,24,F
1525,509,6,2,2,F
1526,509,6,2,36,M
1527,510,6,2,81,M
1528,510,6,2,9,M
1529,510,6,2,5,F
1530,511,6,2,77,F
1531,511,6,2,97,M
1532,511,6,2,46,F
1533,512,6,2,79,F
1534,512,6,2,96,F
1535,512,6,2,49,M
1536,513,6,2,37,M
1537,513,6,2,27,M
1538,513,6,2,40,M
1539,514,6,2,7,F
1540,514,6,2,10,M
1541,514,6,2,97,M
1542,515,6,2,7,F
1543,515,6,2,4,F
1544,515,6,2,12,M
1545,516,6,2,80,F
1546,516,6,2,19,M
1547,516,6,2,5,F
1548,517,6,2,46,F
1549,517,6,2,42,M
1550,517,6,2,75,F
1551,518,6,2,6,M
1552,518,6,2,8,M
1553,518,6,2,91,M
1554,519,6,2,75,F
1555,519,6,2,86,F
1556,519,6,2,26,F
1557,520,6,2,49,F
1558,520,6,2,2,F
1559,520,6,2,28,F
1560,521,6,2,2,F
1561,521,6,2,63,M
1562,521,6,2,70,F
1563,522,6,2,88,M
1564,522,6,2,20,F
1565,522,6,2,18,F
1566,523,6,2,83,M
1567,523,6,2,97,M
1568,523,6,2,8,F
1569,524,6,2,73,F
1570,524,6,2,16,F
1571,524,6,2,53,M
1572,525,6,2,11,M
1573,525,6,2,90,F
1574,525,6,2,69,F
1575,526,6,2,79,M
1576,526,6,2,3,F
1577,526,6,2,8,M
1578,527,6,2,10,M
1579,527,6,2,81,M
1580,527,6,2,2,M
1581,528,6,2,91,M
1582,528,6,2,16,F
1583,528,6,2,41,M
1584,529,6,2,62,M
1585,529,6,2,25,F
1586,529,6,2,10,F
1587,530,6,2,51,F
1588,530,6,2,21,F
1589,530,6,2,70,M
1590,531,6,2,17,F
1591,531,6,2,3,M
1592,531,6,2,83,M
1593,532,6,2,62,F
1594,532,6,2,58,M
1595,532,6,2,84,M
1596,533,6,2,37,M
1597,533,6,2,58,M
1598,533,6,2,13,F
1599,534,6,2,66,F
1600,534,6,2,31,F
1601,534,6,2,83,F
1602,535,6,2,15,F
1603,535,6,2,18,F
1604,535,6,2,50,M
1605,536,6,2,41,F
1606,536,6,2,47,F
1607,536,6,2,18,M
1608,537,6,2,38,F
1609,537,6,2,99,F
1610,537,6,2,84,F
1611,538,6,2,59,F
1612,538,6,2,11,M
1613,538,6,2,88,F
1614,539,6,2,59,M
1615,539,6,2,67,F
1616,539,6,2,100,F
1617,540,6,2,89,F
1618,540,6,2,26,M
1619,540,6,2,50,M
1620,541,6,2,21,M
1621,541,7,2,63,F
1622,541,7,2,89,F
1623,542,7,2,41,M
1624,542,7,2,81,M
1625,542,7,2,17,F
1626,543,7,2,7,F
1627,543,7,2,67,M
1628,543,7,2,94,F
1629,544,7,2,59,M
1630,544,7,2,22,F
1631,544,7,2,30,F
1632,545,7,2,24,F
1633,545,7,2,36,M
1634,545,7,2,36,M
1635,546,7,2,37,M
1636,546,7,2,40,F
1637,546,7,2,44,F
1638,547,7,2,3,M
1639,547,7,2,8,M
1640,547,7,2,21,F
1641,548,7,2,8,M
1642,548,7,2,74,F
1643,548,7,2,20,M
1644,549,7,2,18,M
1645,549,7,2,0,F
1646,549,7,2,12,M
1647,550,7,2,49,M
1648,550,7,2,39,M
1649,550,7,2,7,F
1650,551,7,2,56,F
1651,551,7,2,31,F
1652,551,7,2,26,M
1653,552,7,2,44,F
1654,552,7,2,94,F
1655,552,7,2,71,M
1656,553,7,2,1,M
1657,553,7,2,55,M
1658,553,7,2,13,F
1659,554,7,2,18,M
1660,554,7,2,26,F
1661,554,7,2,10,M
1662,555,7,2,18,F
1663,555,7,2,35,F
1664,555,7,2,32,M
1665,556,7,2,21,F
1666,556,7,2,23,M
1667,556,7,2,9,F
1668,557,7,2,1,M
1669,557,7,2,67,M
1670,557,7,2,12,M
1671,558,7,2,51,M
1672,558,7,2,7,M
1673,558,7,2,25,F
1674,559,7,2,73,M
1675,559,7,2,51,M
1676,559,7,2,60,M
1677,560,7,2,2,M
1678,560,7,2,30,F
1679,560,7,2,7,F
1680,561,7,2,37,M
1681,561,7,2,12,M
1682,561,7,2,18,M
1683,562,7,2,60,F
1684,562,7,2,55,M
1685,562,7,2,30,M
1686,563,7,2,41,M
1687,563,7,2,17,M
1688,563,7,2,40,M
1689,564,7,2,74,M
1690,564,7,2,23,F
1691,564,7,2,17,M
1692,565,7,2,46,M
1693,565,7,2,63,F
1694,565,7,2,20,M
1695,566,7,2,0,M
1696,566,7,2,89,F
1697,566,7,2,9,M
1698,567,7,2,74,M
1699,567,7,2,67,M
1700,567,7,2,89,M
1701,568,7,2,35,F
1702,568,7,2,15,M
1703,568,7,2,6,M
1704,569,7,2,85,F
1705,569,7,2,23,F
1706,569,7,2,31,M
1707,570,7,2,5,M
1708,570,7,2,0,M
1709,570,7,2,60,M
1710,571,7,2,19,F
1711,571,7,2,95,F
1712,571,7,2,86,M
1713,572,7,2,25,F
1714,572,7,2,11,F
1715,572,7,2,28,F
1716,573,7,2,16,F
1717,573,7,2,63,F
1718,573,7,2,76,M
1719,574,7,2,6,M
1720,574,7,2,98,M
1721,574,7,2,6,F
1722,575,7,2,77,F
1723,575,7,2,10,F
1724,575,7,2,74,M
1725,576,7,2,84,M
1726,576,7,2,38,F
1727,576,7,2,6,F
1728,577,7,2,33,M
1729,577,7,2,15,F
1730,577,7,2,0,M
1731,578,7,2,98,F
1732,578,7,2,42,M
1733,578,7,2,32,M
1734,579,7,2,38,F
1735,579,7,2,8,M
1736,579,7,2,0,M
1737,580,7,2,41,F
1738,580,7,2,83,M
1739,580,7,2,4,F
1740,581,7,2,19,F
1741,581,7,2,97,M
1742,581,7,2,41,F
1743,582,7,2,28,M
1744,582,7,2,4,F
1745,582,7,2,76,F
1746,583,7,2,5,F
1747,583,7,2,34,M
1748,583,7,2,98,M
1749,584,7,2,6,F
1750,584,7,2,2,M
1751,584,7,2,79,F
1752,585,7,2,87,M
1753,585,7,2,59,F
1754,585,7,2,94,F
1755,586,7,2,79,M
1756,586,7,2,82,F
1757,586,7,2,47,F
1758,587,7,2,66,F
1759,587,7,2,66,M
1760,587,7,2,5,M
1761,588,7,2,0,F
1762,588,7,2,80,F
1763,588,7,2,46,F
1764,589,7,2,64,M
1765,589,7,2,88,F
1766,589,7,2,8,F
1767,590,7,2,6,M
1768,590,7,2,11,F
1769,590,7,2,13,M
1770,591,7,2,66,M
1771,591,7,2,71,M
1772,591,7,2,92,M
1773,592,7,2,73,F
1774,592,7,2,35,M
1775,592,7,2,96,M
1776,593,7,2,44,M
1777,593,7,2,46,F
1778,593,7,2,81,F
1779,594,7,2,91,M
1780,594,7,2,63,M
1781,594,7,2,68,M
1782,595,7,2,6,F
1783,595,7,2,40,F
1784,595,7,2,30,M
1785,596,7,2,16,F
1786,596,7,2,97,F
1787,596,7,2,77,M
1788,597,7,2,29,F
1789,597,7,2,82,F
1790,597,7,2,66,M
1791,598,7,2,12,F
1792,598,7,2,63,M
1793,598,7,2,98,M
1794,599,7,2,40,F
1795,599,7,2,65,F
1796,599,7,2,48,F
1797,600,7,2,61,F
1798,600,7,2,86,F
1799,600,7,2,77,M
1800,601,7,2,1,M
1801,601,7,2,3,M
1802,601,7,2,12,M
1803,602,7,2,99,F
1804,602,7,2,8,M
1805,602,7,2,63,F
1806,603,7,2,12,M
1807,603,7,2,23,F
1808,603,7,2,6,M
1809,604,7,2,69,F
1810,604,7,2,14,F
1811,604,7,2,63,M
1812,605,7,2,92,F
1813,605,7,2,30,F
1814,605,7,2,96,M
1815,606,7,2,0,F
1816,606,7,2,12,F
1817,606,7,2,80,F
1818,607,7,2,71,M
1819,607,7,2,73,M
1820,607,7,2,17,M
1821,608,7,2,98,M
1822,608,7,2,11,M
1823,608,7,2,68,M
1824,609,7,2,25,F
1825,609,7,2,16,F
1826,609,7,2,7,F
1827,610,7,2,0,F
1828,610,7,2,65,M
1829,610,7,2,2,F
1830,611,7,2,52,F
1831,611,7,2,39,F
1832,611,7,2,4,F
1833,612,7,2,43,M
1834,612,7,2,42,M
1835,612,7,2,30,F
1836,613,7,2,5,M
1837,613,7,2,86,F
1838,613,7,2,20,F
1839,614,7,2,13,F
1840,614,7,2,100,M
1841,614,7,2,6,F
1842,615,7,2,33,M
1843,615,7,2,96,F
1844,615,7,2,26,M
1845,616,7,2,26,F
1846,616,7,2,1,F
1847,616,7,2,42,F
1848,617,7,2,38,F
1849,617,7,2,88,M
1850,617,7,2,19,M
1851,618,7,2,94,M
1852,618,7,2,97,M
1853,618,7,2,55,M
1854,619,7,2,61,M
1855,619,7,2,84,F
1856,619,7,2,81,M
1857,620,7,2,45,F
1858,620,7,2,58,M
1812,605,7,2,92,F
1797,600,7,2,61,F
1662,555,7,2,18,F
1630,544,7,2,22,F
1742,581,7,2,41,F
1809,604,7,2,69,F
1711,571,7,2,95,F
1637,546,7,2,44,F
1651,551,7,2,31,F
1648,550,7,2,39,M
1644,549,7,2,18,M
1677,560,7,2,2,M
1836,613,7,2,5,M
1698,567,7,2,74,M
1777,593,7,2,46,F
1654,552,7,2,94,F
1784,595,7,2,30,M
1848,617,7,2,38,F
1697,566,7,2,9,M
1777,593,7,2,46,F
1707,570,7,2,5,M
1746,583,7,2,5,F
1742,581,7,2,41,F
1759,587,7,2,66,M
1806,603,7,2,12,M
1749,584,7,2,6,F
1757,586,7,2,47,F
1728,577,7,2,33,M
1653,552,7,2,44,F
1749,584,7,2,6,F
1823,608,7,2,68,M
1682,561,7,2,18,M
1789,597,7,2,82,F
1655,552,7,2,71,M
1819,607,7,2,73,M
1840,614,7,2,100,M
1815,606,7,2,0,F
1674,559,7,2,73,M
1852,618,7,2,97,M
1850,617,7,2,19,M
1810,604,7,2,14,F
1673,558,7,2,25,F
1842,615,7,2,33,M
1742,581,7,2,41,F
1683,562,7,2,60,F
1757,586,7,2,47,F
1757,586,7,2,47,F
1796,599,7,2,48,F
1696,566,7,2,89,F
1744,582,7,2,4,F
1698,567,7,2,74,M
1847,616,7,2,42,F
1750,584,7,2,2,M
1829,610,7,2,2,F
1697,566,7,2,9,M
1748,583,7,2,98,M
1698,567,7,2,74,M
1859,620,8,2,26,M
1860,621,8,2,37,M
1861,621,8,2,8,F
1862,621,8,2,76,F
1863,622,8,2,96,M
1864,622,8,2,18,F
1865,622,8,2,95,M
1866,623,8,2,46,M
1867,623,8,2,7,M
1868,623,8,2,49,F
1869,624,8,2,44,M
1870,624,8,2,18,F
1871,624,8,2,12,M
1872,625,8,2,9,M
1873,625,8,2,54,F
1874,625,8,2,11,M
1875,626,8,2,61,M
1876,626,8,2,83,F
1877,626,8,2,58,M
1878,627,8,2,17,M
1879,627,8,2,15,M
1880,627,8,2,67,F
1881,628,8,2,95,F
1882,628,8,2,7,M
1883,628,8,2,6,M
1884,629,8,2,88,F
1885,629,8,2,38,F
1886,629,8,2,54,F
1887,630,8,2,63,M
1888,630,8,2,48,F
1889,630,8,2,77,F
1890,631,8,2,10,F
1891,631,8,2,14,M
1892,631,8,2,66,F
1893,632,8,2,16,F
1894,632,8,2,8,F
1895,632,8,2,86,F
1896,633,8,2,33,F
1897,633,8,2,38,M
1898,633,8,2,10,M
1899,634,8,2,81,M
1900,634,8,2,87,M
1901,634,8,2,15,M
1902,635,8,2,68,M
1903,635,8,2,82,M
1904,635,8,2,78,F
1905,636,8,2,73,M
1906,636,8,2,89,F
1907,636,8,2,45,F
1908,637,8,2,59,M
1909,637,8,2,24,M
1910,637,8,2,87,F
1911,638,8,2,8,M
1912,638,8,2,28,M
1913,638,8,2,60,M
1914,639,8,2,71,M
1915,639,8,2,33,M
1916,639,8,2,48,M
1917,640,8,2,69,F
1918,640,8,2,93,M
1919,640,8,2,13,F
1920,641,8,2,14,F
1921,641,8,2,24,M
1922,641,8,2,60,F
1923,642,8,2,26,F
1924,642,8,2,86,M
1925,642,8,2,98,F
1926,643,8,2,6,F
1927,643,8,2,81,F
1928,643,8,2,50,M
1929,644,8,2,25,F
1930,644,8,2,24,M
1931,644,8,2,42,F
1932,645,8,2,97,M
1933,645,8,2,42,F
1934,645,8,2,78,F
1935,646,8,2,38,F
1936,646,8,2,87,M
1937,646,8,2,40,M
1938,647,8,2,33,M
1939,647,8,2,4,F
1940,647,8,2,12,M
1941,648,8,2,9,M
1942,648,8,2,59,F
1943,648,8,2,78,M
1944,649,8,2,38,F
1945,649,8,2,37,M
1946,649,8,2,58,F
1947,650,8,2,1,M
1948,650,8,2,7,M
1949,650,8,2,8,M
1950,651,8,2,87,M
1951,651,8,2,3,F
1952,651,8,2,91,F
1953,652,8,2,52,M
1954,652,8,2,86,F
1955,652,8,2,94,M
1956,653,8,2,34,F
1957,653,8,2,84,M
1958,653,8,2,13,F
1959,654,8,2,52,M
1960,654,8,2,55,F
1961,654,8,2,10,F
1962,655,8,2,91,M
1963,655,8,2,13,F
1964,655,8,2,7,M
1965,656,8,2,12,F
1966,656,8,2,80,M
1967,656,8,2,10,M
1968,657,8,2,86,M
1969,657,8,2,5,M
1970,657,8,2,89,M
1971,658,8,2,88,F
1972,658,8,2,43,F
1973,658,8,2,85,F
1974,659,8,2,13,F
1975,659,8,2,75,F
1976,659,8,2,22,M
1977,660,8,2,31,F
1978,660,8,2,37,M
1979,660,8,2,90,M
1980,661,8,2,17,F
1981,661,8,2,15,M
1982,661,8,2,65,M
1983,662,8,2,49,M
1984,662,8,2,42,F
1985,662,8,2,59,F
1986,663,8,2,29,M
1987,663,8,2,9,F
1988,663,8,2,15,F
1989,664,8,2,48,F
1990,664,8,2,100,F
1991,664,8,2,71,F
1992,665,8,2,46,F
1993,665,8,2,10,F
1994,665,8,2,15,F
1995,666,8,2,49,F
1996,666,8,2,69,M
1997,666,8,2,70,F
1998,667,8,2,74,M
1999,667,8,2,6,F
2000,667,8,2,75,M
2001,668,8,2,9,M
2002,668,8,2,77,M
2003,668,8,2,37,F
2004,669,8,2,5,F
2005,669,8,2,13,M
2006,669,8,2,53,F
2007,670,8,2,92,F
2008,670,8,2,54,F
2009,670,8,2,66,M
2010,671,8,2,94,M
2011,671,8,2,57,F
2012,671,8,2,0,F
2013,672,8,2,11,M
2014,672,8,2,54,M
2015,672,8,2,23,M
2016,673,8,2,98,M
2017,673,8,2,100,F
2018,673,8,2,22,F
2019,674,8,2,29,M
2020,674,8,2,42,M
2021,674,8,2,91,F
2022,675,8,2,67,F
2023,675,8,2,22,F
2024,675,8,2,13,M
2025,676,8,2,35,F
2026,676,8,2,49,F
2027,676,8,2,10,M
2028,677,8,2,47,F
2029,677,8,2,21,M
2030,677,8,2,77,F
2031,678,8,2,86,F
2032,678,8,2,63,F
2033,678,8,2,48,M
2034,679,8,2,71,F
2035,679,8,2,62,M
2036,679,8,2,38,F
2037,680,8,2,4,M
2038,680,8,2,61,M
2039,680,8,2,76,F
2040,681,8,2,95,M
2041,681,8,2,64,F
2042,681,8,2,15,M
2043,682,8,2,28,F
2044,682,8,2,4,M
2045,682,8,2,37,F
2046,683,8,2,13,F
2047,683,8,2,11,M
2048,683,8,2,40,M
2049,684,8,2,14,M
2050,684,8,2,85,M
2051,684,8,2,13,M
2052,685,8,2,81,F
2053,685,8,2,9,M
2054,685,8,2,7,M
2055,686,8,2,61,F
2056,686,8,2,54,M
2057,686,8,2,82,F
2058,687,8,2,55,F
2059,687,8,2,88,F
2060,687,8,2,39,F
2061,688,8,2,28,M
2062,688,8,2,3,F
2063,688,8,2,37,M
2064,689,8,2,40,F
2065,689,8,2,84,M
2066,689,8,2,35,M
2067,690,8,2,64,F
2068,690,8,2,19,M
2069,690,8,2,0,M
2070,691,8,2,25,M
2071,691,8,2,19,F
2072,691,8,2,11,F
2073,692,8,2,14,F
2074,692,8,2,95,F
2075,692,8,2,24,F
2076,693,8,2,31,F
2077,693,8,2,64,F
2078,693,8,2,24,F
2079,694,8,2,16,M
2080,694,8,2,49,M
2081,694,8,2,78,F
2082,695,8,2,77,F
2083,695,8,2,83,M
2084,695,8,2,8,M
2085,696,8,2,37,M
2086,696,8,2,10,F
2087,696,8,2,8,F
2088,697,8,2,75,F
2089,697,8,2,15,M
2090,697,8,2,28,M
2091,698,8,2,3,F
2092,698,8,2,37,M
2093,698,8,2,34,F
2094,699,8,2,15,F
2095,699,8,2,47,F
2096,699,8,2,21,F
2097,700,8,2,7,M
2098,700,8,2,49,M
2099,700,8,2,98,F
2100,701,8,2,22,F
2101,701,8,2,73,F
2102,701,8,2,87,F
2103,702,8,2,54,F
2104,702,8,2,56,M
2105,702,8,2,85,F
2106,703,8,2,31,F
2107,703,8,2,82,M
2108,703,8,2,4,F
2109,704,8,2,13,F
2110,704,8,2,59,F
2111,704,8,2,53,F
2112,705,8,2,16,F
2113,705,8,2,74,F
2114,705,8,2,70,F
2115,706,8,2,30,M
2116,706,8,2,83,M
2117,706,8,2,68,F
2118,707,8,2,93,M
2119,707,8,2,12,F
2120,707,8,2,6,M
2121,708,8,2,93,F
2122,708,8,2,46,M
2123,708,8,2,73,M
2124,709,8,2,6,M
2125,709,8,2,5,F
2126,709,8,2,18,M
2127,710,8,2,69,F
2128,710,8,2,55,M
2129,710,8,2,43,M
2130,711,8,2,1,F
2131,711,8,2,84,F
2132,711,8,2,84,F
2133,712,8,2,97,F
2134,712,8,2,46,M
2135,712,8,2,97,M
2136,713,8,2,51,F
2137,713,8,2,56,F
2138,713,8,2,43,F
2139,714,8,2,89,F
2140,714,8,2,45,M
2141,714,8,2,33,F
2142,715,8,2,29,M
2143,715,8,2,18,M
2144,715,8,2,43,M
2145,716,8,2,21,F
2146,716,8,2,44,F
2147,716,8,2,94,F
2148,717,8,2,18,F
2149,717,8,2,76,M
2150,717,8,2,76,F
2151,718,8,2,11,F
2152,718,8,2,27,M
2153,718,8,2,66,F
2154,719,8,2,80,M
2155,719,8,2,15,F
2156,719,8,2,55,F
2157,720,8,2,17,F
2158,720,8,2,29,M
2159,720,8,2,11,F
2160,721,8,2,6,F
2161,721,8,2,54,F
2162,721,8,2,64,F
2163,722,8,2,11,M
2164,722,8,2,9,M
2165,722,8,2,11,M
2166,723,8,2,17,M
2167,723,8,2,66,M
2168,723,8,2,14,M
2169,724,8,2,0,M
2170,724,8,2,21,F
2171,724,8,2,75,F
2172,725,8,2,100,F
2173,725,8,2,64,M
2174,725,8,2,19,M
2175,726,8,2,3,F
2176,726,8,2,4,F
2177,726,8,2,10,F
2178,727,8,2,78,M
2179,727,8,2,7,M
2180,727,8,2,26,F
2181,728,8,2,14,M
2182,728,8,2,12,M
2183,728,8,2,43,M
2184,729,8,2,37,F
2185,729,8,2,93,M
2186,729,8,2,56,M
2187,730,8,2,70,M
2188,730,8,2,15,F
2189,730,8,2,12,M
2190,731,8,2,84,M
2191,731,8,2,97,M
2192,731,8,2,56,F
2193,732,8,2,0,F
2194,732,8,2,50,F
2195,732,8,2,75,M
2196,733,8,2,97,F
2197,733,8,2,63,M
2198,733,8,2,24,M
2199,734,8,2,15,F
2200,734,8,2,5,F
2201,734,8,2,92,M
2202,735,8,2,3,M
2203,735,8,2,64,M
2204,735,8,2,7,M
2205,736,8,2,19,F
2206,736,8,2,77,F
2207,736,8,2,68,M
2208,737,8,2,63,F
2209,737,8,2,67,F
2210,737,8,2,88,F
2211,738,8,2,65,F
2212,738,8,2,45,F
2213,738,8,2,11,M
2214,739,8,2,45,F
2215,739,8,2,68,F
2216,739,8,2,84,M
2217,740,8,2,4,M
2218,740,8,2,34,F
2219,740,8,2,45,F
2220,741,8,2,0,F
2221,741,8,2,68,M
2222,741,8,2,54,F
2223,742,9,2,14,M
2224,742,9,2,59,F
2225,742,9,2,11,F
2226,743,9,2,72,M
2227,743,9,2,54,F
2228,743,9,2,29,F
2229,744,9,2,6,M
2230,744,9,2,2,M
2231,744,9,2,10,M
2232,745,9,2,12,F
2233,745,9,2,11,M
2234,745,9,2,49,F
2235,746,9,2,59,F
2236,746,9,2,2,M
2237,746,9,2,53,M
2238,747,9,2,0,M
2239,747,9,2,59,M
2240,747,9,2,36,M
2241,748,9,2,23,F
2242,748,9,2,79,M
2243,748,9,2,79,F
2244,749,9,2,44,M
2245,749,9,2,80,M
2246,749,9,2,94,M
2247,750,9,2,6,M
2248,750,9,2,44,M
2249,750,9,2,11,M
2250,751,9,2,48,M
2251,751,9,2,47,F
2252,751,9,2,70,F
2253,752,9,2,61,F
2254,752,9,2,86,M
2255,752,9,2,75,F
2256,753,9,2,41,M
2257,753,9,2,44,F
2258,753,9,2,92,F
2259,754,9,2,46,F
2260,754,9,2,82,F
2261,754,9,2,72,F
2262,755,9,2,79,F
2263,755,9,2,53,M
2264,755,9,2,25,F
2265,756,9,2,23,F
2266,756,9,2,34,F
2267,756,9,2,0,M
2268,757,9,2,98,M
2269,757,9,2,42,F
2270,757,9,2,0,M
2271,758,9,2,12,F
2272,758,9,2,1,F
2273,758,9,2,91,M
2274,759,9,2,5,F
2275,759,9,2,23,M
2276,759,9,2,16,M
2277,760,9,2,14,F
2278,760,9,2,5,F
2279,760,9,2,48,M
2280,761,9,2,68,F
2281,761,9,2,75,M
2282,761,9,2,39,M
2283,762,9,2,52,F
2284,762,9,2,2,F
2285,762,9,2,4,M
2286,763,9,2,91,F
2287,763,9,2,22,F
2288,763,9,2,30,M
2289,764,9,2,85,M
2290,764,9,2,70,M
2291,764,9,2,56,F
2292,765,9,2,3,M
2293,765,9,2,19,M
2294,765,9,2,19,M
2295,766,9,2,9,F
2296,766,9,2,97,M
2297,766,9,2,13,F
2298,767,9,2,75,M
2299,767,9,2,7,M
2300,767,9,2,37,M
2301,768,9,2,46,F
2302,768,9,2,5,F
2303,768,9,2,73,M
2304,769,9,2,72,F
2305,769,9,2,47,F
2306,769,9,2,27,M
2307,770,9,2,47,M
2308,770,9,2,14,F
2309,770,9,2,73,F
2310,771,9,2,62,M
2311,771,9,2,6,F
2312,771,9,2,31,F
2313,772,9,2,11,F
2314,772,9,2,51,M
2315,772,9,2,73,M
2316,773,9,2,99,F
2317,773,9,2,55,F
2318,773,9,2,2,M
2319,774,9,2,12,F
2320,774,9,2,9,M
2321,774,9,2,6,M
2322,775,9,2,14,M
2323,775,9,2,85,F
2324,775,9,2,0,M
2325,776,9,2,18,F
2326,776,9,2,1,M
2327,776,9,2,69,M
2328,777,9,2,12,F
2329,777,9,2,46,M
2330,777,9,2,64,M
2331,778,9,2,25,M
2332,778,9,2,15,M
2333,778,9,2,17,F
2334,779,9,2,3,M
2335,779,9,2,4,F
2336,779,9,2,60,F
2337,780,9,2,84,M
2338,780,9,2,17,F
2339,780,9,2,13,F
2340,781,9,2,41,M
2341,781,9,2,89,F
2342,781,9,2,84,M
2343,782,9,2,11,F
2344,782,9,2,47,M
2345,782,9,2,2,F
2346,783,9,2,20,F
2347,783,9,2,70,M
2348,783,9,2,21,F
2349,784,9,2,23,F
2350,784,9,2,14,F
2351,784,9,2,78,F
2352,785,9,2,86,M
2353,785,9,2,94,F
2354,785,9,2,13,F
2355,786,9,2,88,M
2356,786,9,2,5,F
2357,786,9,2,43,M
2358,787,9,2,30,M
2359,787,9,2,31,F
2360,787,9,2,90,F
2361,788,9,2,34,M
2362,788,9,2,12,M
2363,788,9,2,50,M
2364,789,9,2,84,F
2365,789,9,2,63,M
2366,789,9,2,32,M
2367,790,9,2,59,M
2368,790,9,2,19,M
2369,790,9,2,11,M
2370,791,9,2,67,F
2371,791,9,2,86,F
2372,791,9,2,96,F
2373,792,9,2,33,F
2374,792,9,2,9,M
2375,792,9,2,6,M
2376,793,9,2,1,F
2377,793,9,2,53,M
2378,793,9,2,52,M
2379,794,9,2,63,F
2380,794,9,2,4,F
2381,794,9,2,8,F
2382,795,9,2,66,F
2383,795,9,2,11,F
2384,795,9,2,39,M
2385,796,9,2,9,M
2386,796,9,2,1,M
2387,796,9,2,91,F
2388,797,9,2,13,M
2389,797,9,2,71,M
2390,797,9,2,10,F
2391,798,9,2,84,F
2392,798,9,2,63,F
2393,798,9,2,87,F
2394,799,9,2,28,M
2395,799,9,2,53,F
2396,799,9,2,67,F
2397,800,9,2,53,M
2398,800,9,2,42,F
2399,800,9,2,35,M
2400,801,9,2,86,M
2401,801,9,2,42,F
2402,801,9,2,99,M
2403,802,9,2,47,M
2404,802,9,2,11,F
2405,802,9,2,28,F
2406,803,9,2,73,F
2407,803,9,2,35,F
2408,803,9,2,17,M
2409,804,9,2,63,M
2410,804,9,2,36,F
2411,804,9,2,5,M
2412,805,9,2,10,M
2413,805,9,2,27,F
2414,805,9,2,34,M
2415,806,9,2,34,M
2416,806,9,2,86,M
2417,806,9,2,15,M
2418,807,9,2,66,M
2419,807,9,2,5,F
2420,807,9,2,56,M
2421,808,9,2,43,F
2422,808,9,2,67,M
2423,808,9,2,25,F
2424,809,9,2,2,M
2425,809,9,2,90,M
2426,809,9,2,9,M
2427,810,9,2,10,M
2428,810,9,2,30,F
2429,810,9,2,68,F
2430,811,9,2,17,M
2431,811,9,2,7,M
2432,811,9,2,96,M
2433,812,9,2,55,F
2434,812,9,2,0,F
2435,812,9,2,83,M
2436,813,9,2,53,F
2437,813,9,2,14,F
2438,813,9,2,34,F
2439,814,9,2,4,M
2440,814,9,2,14,F
2441,814,9,2,54,M
2442,815,9,2,2,M
2443,815,9,2,3,F
2444,815,9,2,2,M
2445,816,9,2,60,F
2446,816,9,2,20,M
2447,816,9,2,2,F
2448,817,9,2,100,M
2449,817,9,2,61,M
2450,817,9,2,96,F
2451,818,9,2,92,M
2452,818,9,2,72,F
2453,818,9,2,24,F
2454,819,9,2,79,F
2455,819,9,2,82,M
2456,819,9,2,17,M
2457,820,9,2,7,F
2458,820,9,2,19,F
2459,820,9,2,43,M
2460,821,9,2,54,M
2461,821,9,2,49,M
2462,821,9,2,38,F
2463,822,9,2,31,F
2464,822,9,2,15,F
2465,822,9,2,92,F
2466,823,9,2,42,F
2467,823,9,2,39,M
2468,823,9,2,86,M
2469,824,9,2,65,M
2470,824,9,2,0,M
2471,824,9,2,36,M
2472,825,9,2,69,M
2473,825,9,2,76,F
2474,825,9,2,30,F
2475,826,9,2,22,M
2476,826,9,2,0,M
2477,826,9,2,63,F
2478,827,9,2,75,F
2479,827,9,2,18,F
2480,827,9,2,72,M
2481,828,9,2,62,F
2482,828,9,2,27,M
2483,828,9,2,80,M
2484,829,9,2,19,F
2485,829,9,2,91,F
2486,829,9,2,90,M
2487,830,9,2,58,F
2488,830,9,2,9,F
2489,830,9,2,87,F
2490,831,9,2,35,F
2491,831,9,2,92,M
2492,831,9,2,81,F
2493,832,9,2,48,F
2494,832,9,2,47,M
2495,832,9,2,12,F
2496,833,9,2,76,F
2497,833,9,2,4,M
2498,833,9,2,16,M
2499,834,9,2,21,F
2500,834,9,2,55,M
2501,834,9,2,49,F
2502,835,9,2,11,M
2503,835,9,2,84,F
2504,835,9,2,65,F
2505,836,9,2,65,F
2506,836,9,2,30,F
2507,836,9,2,86,F
2508,837,9,2,34,F
2509,837,9,2,13,F
2510,837,9,2,10,F
2511,838,9,2,74,M
2512,838,9,2,90,F
2513,838,9,2,41,F
2514,839,9,2,89,M
2515,839,9,2,11,F
2516,839,9,2,68,F
2517,840,9,2,73,M
2518,840,9,2,73,M
2519,840,9,2,79,M
2520,841,9,2,12,M
2521,841,9,2,35,M
2522,841,9,2,0,M
2523,842,9,2,63,M
2524,842,9,2,20,M
2525,842,9,2,6,F
2526,843,9,2,1,F
2527,843,9,2,57,M
2528,843,9,2,19,M
2529,844,9,2,17,F
2530,844,9,2,73,M
2531,844,9,2,16,M
2532,845,9,2,16,M
2533,845,9,2,95,M
2534,845,9,2,12,F
2535,846,9,2,46,F
2536,846,9,2,8,F
2537,846,9,2,49,M
2538,847,9,2,4,F
2539,847,9,2,45,M
2540,847,9,2,7,F
2541,848,9,2,89,M
2542,848,9,2,6,M
2543,848,9,2,5,F
2544,849,9,2,10,F
2545,849,9,2,54,F
2546,849,9,2,20,M
2547,850,9,2,66,M
2548,850,9,2,97,F
2549,850,9,2,48,M
2550,851,9,2,78,F
2551,851,9,2,5,F
2552,851,9,2,62,F
2553,852,9,2,36,M
2554,852,9,2,8,F
2555,852,9,2,90,F
2556,853,9,2,11,F
2557,853,9,2,75,F
2558,853,9,2,34,M
2559,854,9,2,3,M
2560,854,9,2,22,F
2561,854,9,2,82,F
2562,855,9,2,72,M
2563,855,9,2,41,F
2564,855,9,2,78,M
2565,856,9,2,19,M
2566,856,9,2,75,F
2567,856,9,2,28,F
2568,857,9,2,14,M
2569,857,9,2,46,F
2570,857,9,2,26,F
2571,858,9,2,12,F
2572,858,9,2,74,F
2573,858,9,2,48,F
2574,859,9,2,45,M
2575,859,9,2,10,M
2576,859,9,2,69,F
2577,860,9,2,6,F
2578,860,9,2,19,M
2579,860,9,2,79,M
2580,861,9,2,18,F
2581,861,9,2,4,M
2582,861,9,2,62,F
2583,862,9,2,19,M
2584,862,9,2,5,M
2585,862,9,2,87,M
2586,863,9,2,71,M
2587,863,9,2,34,F
2588,863,9,2,27,F
2589,864,9,2,11,F
2590,864,9,2,18,F
2591,864,9,2,91,F
2592,865,9,2,66,F
2593,865,9,2,99,M
2594,865,9,2,53,F
2595,866,9,2,82,F
2596,866,9,2,3,M
2597,866,9,2,0,F
2598,867,9,2,6,F
2599,867,9,2,84,M
2600,867,9,2,32,F
2601,868,9,2,55,F
2602,868,9,2,29,F
2603,868,9,2,45,M
2604,869,9,2,37,M
2605,869,9,2,47,F
2606,869,9,2,81,M
2607,870,9,2,17,M
2608,870,9,2,8,M
2609,870,9,2,58,M
2610,871,9,2,67,F
2611,871,9,2,59,M
2612,871,9,2,5,F
2613,872,9,2,84,F
2614,872,9,2,55,F
2615,872,9,2,41,F
2616,873,9,2,26,M
2617,873,9,2,11,M
2618,873,9,2,49,M
2619,874,9,2,66,F
2620,874,9,2,29,F
2621,874,9,2,2,M
2622,875,9,2,48,F
2623,875,9,2,6,F
2624,875,9,2,96,M
2625,876,9,2,8,F
2626,876,9,2,36,M
2627,876,9,2,43,M
2628,877,9,2,14,M
2629,877,9,2,62,F
2630,877,9,2,54,F
2631,878,9,2,44,M
2632,878,9,2,36,F
2633,878,9,2,49,F
2634,879,9,2,30,F
2635,879,9,2,17,M
2636,879,9,2,64,F
2637,880,9,2,67,F
2638,880,9,2,3,F
2639,880,9,2,49,M
2640,881,9,2,59,F
2641,881,9,2,77,M
2642,881,9,2,17,M
2643,882,9,2,7,M
2644,882,9,2,83,F
2645,882,9,2,15,F
2646,883,9,2,16,F
2647,883,9,2,0,M
2648,883,9,2,53,M
2649,884,9,2,59,F
2650,884,9,2,77,F
2651,884,9,2,74,M
2652,885,9,2,38,M
2653,885,9,2,21,M
2654,885,9,2,97,M
2655,886,9,2,81,F
2656,886,9,2,73,M
2657,886,9,2,59,M
2658,887,9,2,12,F
2659,887,9,2,3,F
2660,887,9,2,71,M
2661,888,9,2,3,F
2662,888,9,2,28,F
2663,888,9,2,37,M
2664,889,9,2,25,F
2665,889,9,2,37,M
2666,889,9,2,44,F
2667,890,9,2,0,F
2668,890,9,2,26,F
2669,890,9,2,96,M
2670,891,9,2,5,F
2671,891,9,2,95,F
2672,891,9,2,53,F
2673,892,9,2,20,F
2674,892,9,2,77,F
2675,892,9,2,59,F
2676,893,9,2,35,M
2677,893,9,2,68,M
2678,893,9,2,42,M
2679,894,9,2,18,M
2680,894,9,2,61,M
2681,894,9,2,0,M
2682,895,9,2,43,F
2683,895,9,2,22,F
2684,895,9,2,15,M
2685,896,9,2,1,M
2686,896,9,2,3,M
2687,896,9,2,95,M
2688,897,9,2,65,M
2689,897,9,2,5,M
2690,897,9,2,25,M
2691,898,9,2,88,M
2692,898,9,2,15,F
2693,898,9,2,59,M
2694,899,9,2,57,F
2695,899,9,2,73,F
2696,899,9,2,15,M
2697,900,9,2,16,M
2698,900,9,2,26,F
2699,900,9,2,100,F
2700,901,9,2,95,F
2701,901,9,2,10,M
2702,901,9,2,39,M
2703,902,9,2,53,M
2704,902,9,2,58,M
2705,902,9,2,8,F
2706,903,9,2,13,M
2707,903,9,2,90,F
2708,903,9,2,6,M
2709,904,9,2,4,F
2710,904,9,2,74,M
2711,904,9,2,88,M
2712,905,9,2,58,M
2713,905,9,2,92,F
2714,905,9,2,16,F
2715,906,9,2,89,M
2716,906,9,2,42,F
2717,906,9,2,37,F
2718,907,9,2,82,M
2719,907,9,2,45,M
2720,907,9,2,26,F
2721,908,9,2,7,F
2722,908,9,2,20,F
2723,908,9,2,28,M
2724,909,9,2,24,F
2725,909,9,2,4,F
2726,909,9,2,72,F
2727,910,9,2,58,M
2728,910,9,2,47,F
2729,910,9,2,59,F
2730,911,9,2,64,M
2731,911,9,2,56,F
2732,911,9,2,38,F
2733,912,9,2,68,M
2734,912,9,2,2,M
2735,912,9,2,67,M
2736,913,9,2,39,M
2737,913,9,2,75,F
2738,913,9,2,40,F
2739,914,9,2,96,M
2740,914,9,2,2,M
2741,914,9,2,20,M
2742,915,9,2,29,M
2743,915,9,2,77,F
2744,915,9,2,93,M
2745,916,9,2,69,M
2746,916,9,2,91,M
2747,916,9,2,68,F
2748,917,9,2,59,F
2749,917,9,2,89,M
2750,917,9,2,14,M
2751,918,9,2,0,M
2752,918,9,2,89,M
2753,918,9,2,35,M
2754,919,9,2,81,M
2755,919,9,2,78,M
2756,919,9,2,6,M
2757,920,9,2,3,M
2758,920,9,2,31,F
2759,920,9,2,19,M
2760,921,9,2,19,M
2761,921,9,2,72,M
2762,921,9,2,20,M
2763,922,9,2,16,F
2764,922,9,2,10,F
2765,922,9,2,46,F
2766,923,9,2,14,M
2767,923,9,2,8,F
2768,923,9,2,74,M
2769,924,9,2,86,M
2770,924,9,2,0,M
2771,924,9,2,92,F
2772,925,9,2,30,F
2773,925,9,2,63,M
2774,925,9,2,8,F
2775,926,9,2,43,F
2776,926,9,2,14,M
2777,926,9,2,53,M
2778,927,9,2,52,F
2779,927,9,2,54,M
2780,927,9,2,55,F
2781,928,9,2,22,M
2782,928,9,2,47,M
2783,928,9,2,7,M
2784,929,9,2,54,M
2785,929,9,2,36,M
2786,929,9,2,16,M
2787,930,9,2,6,M
2788,930,9,2,62,F
2789,930,9,2,40,M
2790,931,10,2,2,F
2791,931,10,2,17,F
2792,931,10,2,15,F
2793,932,10,2,2,M
2794,932,10,2,91,M
2795,932,10,2,9,M
2796,933,10,2,38,M
2797,933,10,2,4,M
2798,933,10,2,67,F
2799,934,10,2,30,F
2800,934,10,2,13,M
2801,934,10,2,19,M
2802,935,10,2,14,F
2803,935,10,2,85,F
2804,935,10,2,87,M
2805,936,10,2,36,F
2806,936,10,2,3,F
2807,936,10,2,8,F
2808,937,10,2,10,F
2809,937,10,2,8,M
2810,937,10,2,56,F
2811,938,10,2,12,M
2812,938,10,2,1,M
2813,938,10,2,16,M
2814,939,10,2,83,F
2815,939,10,2,30,F
2816,939,10,2,13,F
2817,940,10,2,53,M
2818,940,10,2,49,M
2819,940,10,2,5,F
2820,941,10,2,84,M
2821,941,10,2,51,F
2822,941,10,2,16,F
2823,942,10,2,69,M
2824,942,10,2,14,F
2825,942,10,2,50,M
2826,943,10,2,90,M
2827,943,10,2,30,M
2828,943,10,2,2,F
2829,944,10,2,68,M
2830,944,10,2,31,F
2831,944,10,2,37,M
2832,945,10,2,34,M
2833,945,10,2,5,M
2834,945,10,2,63,F
2835,946,10,2,94,M
2836,946,10,2,23,M
2837,946,10,2,58,M
2838,947,10,2,0,F
2839,947,10,2,9,F
2840,947,10,2,83,M
2841,948,10,2,98,F
2842,948,10,2,73,F
2843,948,10,2,11,F
2844,949,10,2,55,M
2845,949,10,2,84,M
2846,949,10,2,26,F
2847,950,10,2,44,F
2848,950,10,2,31,F
2849,950,10,2,64,M
2850,951,10,2,75,M
2851,951,10,2,55,F
2852,951,10,2,69,M
2853,952,10,2,42,F
2854,952,10,2,87,M
2855,952,10,2,26,F
2856,953,10,2,54,F
2857,953,10,2,24,M
2858,953,10,2,47,M
2859,954,10,2,8,F
2860,954,10,2,14,M
2861,954,10,2,58,M
2862,955,10,2,71,M
2863,955,10,2,19,F
2864,955,10,2,40,F
2865,956,10,2,16,M
2866,956,10,2,25,F
2867,956,10,2,38,M
2868,957,10,2,36,F
2869,957,10,2,34,F
2870,957,10,2,76,M
2871,958,10,2,11,F
2872,958,10,2,5,F
2873,958,10,2,88,F
2874,959,10,2,95,M
2875,959,10,2,6,F
2876,959,10,2,6,M
2877,960,10,2,40,M
2878,960,10,2,43,M
2879,960,10,2,17,M
2880,961,10,2,37,F
2881,961,10,2,33,M
2882,961,10,2,17,M
2883,962,10,2,1,M
2884,962,10,2,81,F
2885,962,10,2,29,F
2886,963,10,2,59,F
2887,963,10,2,38,F
2888,963,10,2,35,M
2889,964,10,2,88,F
2890,964,10,2,10,F
2891,964,10,2,13,F
2892,965,10,2,97,M
2893,965,10,2,8,F
2894,965,10,2,35,M
2895,966,10,2,54,M
2896,966,10,2,66,F
2897,966,10,2,11,M
2898,967,10,2,81,M
2899,967,10,2,9,M
2900,967,10,2,2,F
2901,968,10,2,49,F
2902,968,10,2,15,M
2903,968,10,2,12,M
2904,969,10,2,60,F
2905,969,10,2,8,F
2906,969,10,2,45,M
2907,970,10,2,44,M
2908,970,10,2,91,F
2909,970,10,2,92,M
2910,971,10,2,94,F
2911,971,10,2,9,F
2912,971,10,2,58,F
2913,972,10,2,37,F
2914,972,10,2,97,M
2915,972,10,2,76,F
2916,973,10,2,20,M
2917,973,10,2,68,M
2918,973,10,2,8,M
2919,974,10,2,18,F
2920,974,10,2,54,M
2921,974,10,2,33,M
2922,975,10,2,19,M
2923,975,10,2,50,M
2924,975,10,2,74,F
2925,976,10,2,11,M
2926,976,10,2,45,F
2927,976,10,2,61,M
2928,977,10,2,98,F
2929,977,10,2,11,F
2930,977,10,2,52,M
2931,978,10,2,89,F
2932,978,10,2,28,F
2933,978,10,2,24,F
2934,979,10,2,0,F
2935,979,10,2,22,F
2936,979,10,2,85,M
2937,980,10,2,13,F
2938,980,10,2,69,F
2939,980,10,2,77,F
2940,981,10,2,9,F
2941,981,10,2,68,F
2942,981,10,2,8,M
2943,982,10,2,8,F
2944,982,10,2,37,F
2945,982,10,2,4,F
2946,983,10,2,5,F
2947,983,10,2,57,F
2948,983,10,2,30,F
2949,984,10,2,65,M
2950,984,10,2,12,F
2951,984,10,2,17,F
2952,985,10,2,2,F
2953,985,10,2,80,F
2954,985,10,2,39,F
2955,986,10,2,13,M
2956,986,10,2,9,F
2957,986,10,2,95,F
2958,987,10,2,7,F
2959,987,10,2,30,F
2960,987,10,2,89,M
2961,988,10,2,1,F
2962,988,10,2,39,M
2963,988,10,2,52,F
2964,989,10,2,50,F
2965,989,10,2,85,F
2966,989,10,2,97,M
2967,990,10,2,25,M
2968,990,10,2,82,M
2969,990,10,2,50,M
2970,991,10,2,19,M
2971,991,10,2,23,M
2972,991,10,2,16,F
2973,992,10,2,56,F
2974,992,10,2,2,F
2975,992,10,2,44,M
2976,993,10,2,42,M
2977,993,10,2,72,M
2978,993,10,2,45,F
2979,994,10,2,80,F
2980,994,10,2,16,F
2981,994,10,2,5,F
2982,995,10,2,79,M
2983,995,10,2,8,F
2984,995,10,2,25,F
2985,996,10,2,29,M
2986,996,10,2,6,M
2987,996,10,2,40,M
2988,997,10,2,76,M
2989,997,10,2,30,M
2990,997,10,2,7,M
2991,998,10,2,91,F
2992,998,10,2,22,F
2993,998,10,2,8,F
2994,999,10,2,87,F
2995,999,10,2,10,F
2996,999,10,2,1,M
2997,1000,10,2,13,M
2998,1000,10,2,63,F
2999,1000,10,2,7,M
3000,1001,10,2,98,F
3001,1001,10,2,63,M
3002,1001,10,2,4,F
3003,1002,10,2,71,M
3004,1002,10,2,11,M
3005,1002,10,2,75,M
3006,1003,10,2,36,F
3007,1003,10,2,2,F
3008,1003,10,2,60,M
3009,1004,10,2,74,M
3010,1004,10,2,51,M
3011,1004,10,2,11,F
3012,1005,10,2,1,M
3013,1005,10,2,82,F
3014,1005,10,2,94,F
3015,1006,10,2,22,M
3016,1006,10,2,41,M
3017,1006,10,2,5,M
3018,1007,10,2,43,M
3019,1007,10,2,96,M
3020,1007,10,2,89,M
3021,1008,10,2,97,M
3022,1008,10,2,91,F
3023,1008,10,2,24,M
3024,1009,10,2,33,M
3025,1009,10,2,10,F
3026,1009,10,2,98,F
3027,1010,10,2,12,M
3028,1010,10,2,29,F
3029,1010,10,2,7,M
3030,1011,10,2,42,F
3031,1011,10,2,72,F
3032,1011,10,2,47,M
3033,1012,10,2,4,F
3034,1012,10,2,7,F
3035,1012,10,2,35,F
3036,1013,10,2,63,F
3037,1013,10,2,13,F
3038,1013,10,2,17,F
3039,1014,10,2,11,M
3040,1014,10,2,88,F
3041,1014,10,2,93,F
3042,1015,10,2,10,F
3043,1015,10,2,61,F
3044,1015,10,2,33,M
3045,1016,10,2,7,F
3046,1016,10,2,28,M
3047,1016,10,2,69,M
3048,1017,10,2,3,M
3049,1017,10,2,20,F
3050,1017,10,2,7,F
3051,1018,10,2,67,F
3052,1018,10,2,72,F
3053,1018,10,2,71,F
3054,1019,10,2,23,F
3055,1019,10,2,99,F
3056,1019,10,2,8,F
3057,1020,10,2,6,F
3058,1020,10,2,39,M
3059,1020,10,2,56,M
3060,1021,10,2,1,M
3061,1021,10,2,80,F
3062,1021,10,2,62,M
3063,1022,10,2,26,F
3064,1022,10,2,9,M
3065,1022,10,2,71,F
3066,1023,10,2,75,M
3067,1023,10,2,17,F
3068,1023,10,2,39,F
3069,1024,10,2,45,M
3070,1024,10,2,95,M
3071,1024,10,2,99,M
3072,1025,10,2,26,F
3073,1025,10,2,83,F
3074,1025,10,2,35,M
3075,1026,10,2,10,F
3076,1026,10,2,87,M
3077,1026,10,2,39,M
3078,1027,10,2,18,F
3079,1027,10,2,38,M
3080,1027,10,2,48,F
3081,1028,10,2,59,F
3082,1028,10,2,37,M
3083,1028,10,2,41,F
3084,1029,10,2,15,F
3085,1029,10,2,54,F
3086,1029,10,2,72,F
3087,1030,10,2,19,M
3088,1030,10,2,51,M
3089,1030,10,2,81,F
3090,1031,10,2,77,M
3091,1031,10,2,72,F
3092,1031,10,2,26,F
3093,1032,10,2,21,F
3094,1032,10,2,29,M
3095,1032,10,2,60,M
3096,1033,10,2,14,F
3097,1033,10,2,51,M
3098,1033,10,2,85,M
3099,1034,10,2,20,M
3100,1034,10,2,45,M
3101,1034,10,2,35,F
3102,1035,10,2,48,F
3103,1035,10,2,16,F
3104,1035,10,2,51,F
3105,1036,10,2,25,F
3106,1036,10,2,19,M
3107,1036,10,2,77,M
3108,1037,10,2,63,M
3109,1037,10,2,20,F
3110,1037,10,2,10,F
3111,1038,10,2,23,F
3112,1038,10,2,12,M
3113,1038,10,2,81,M
3114,1039,10,2,17,M
3115,1039,10,2,17,F
3116,1039,10,2,77,M
3117,1040,10,2,66,M
3118,1040,10,2,51,F
3119,1040,10,2,4,F
3120,1041,10,2,31,F
3121,1041,10,2,76,F
3122,1041,10,2,41,F
3123,1042,10,2,32,F
3124,1042,10,2,12,F
3125,1042,10,2,15,F
3126,1043,10,2,61,M
3127,1043,10,2,86,M
3128,1043,10,2,49,M
3129,1044,10,2,59,F
3130,1044,10,2,16,F
3131,1044,10,2,93,M
3132,1045,10,2,43,F
3133,1045,10,2,35,M
3134,1045,10,2,9,F
3135,1046,10,2,82,F
3136,1046,10,2,19,M
3137,1046,10,2,56,F
3138,1047,10,2,16,F
3139,1047,10,2,58,F
3140,1047,10,2,63,M
3141,1048,10,2,29,M
3142,1048,10,2,9,M
3143,1048,10,2,14,F
3144,1049,10,2,36,F
3145,1049,10,2,31,M
3146,1049,10,2,12,F
3147,1050,10,2,8,F
3148,1050,10,2,75,F
3149,1050,10,2,59,M
3150,1051,10,2,57,M
3151,1051,10,2,96,F
3152,1051,10,2,74,M
3153,1052,10,2,84,M
3154,1052,10,2,18,F
3155,1052,10,2,84,F
3156,1053,10,2,88,M
3157,1053,10,2,28,M
3158,1053,10,2,14,M
3159,1054,10,2,43,F
3160,1054,10,2,40,M
3161,1054,10,2,14,M
3162,1055,10,2,73,F
3163,1055,10,2,19,F
3164,1055,10,2,77,M
3165,1056,10,2,93,M
3166,1056,10,2,8,M
3167,1056,10,2,12,F
3168,1057,10,2,33,F
3169,1057,10,2,84,M
3170,1057,10,2,39,F
3171,1058,10,2,64,M
3172,1058,10,2,19,F
3173,1058,10,2,37,M
3174,1059,10,2,96,M
3175,1059,10,2,23,F
3176,1059,10,2,79,M
3177,1060,10,2,58,M
3178,1060,10,2,81,M
3179,1060,10,2,63,M
3180,1061,10,2,15,F
3181,1061,10,2,18,F
3182,1061,10,2,89,M
3183,1062,10,2,44,M
3184,1062,10,2,83,F
3185,1062,10,2,0,F
3186,1063,10,2,92,F
3187,1063,10,2,18,M
3188,1063,10,2,17,M
3189,1064,10,2,90,F
3190,1064,10,2,86,F
3191,1064,10,2,75,F
3192,1065,10,2,84,F
3193,1065,10,2,37,F
3194,1065,10,2,92,F
3195,1066,10,2,66,M
3196,1066,10,2,79,F
3197,1066,10,2,41,F
3198,1067,10,2,30,F
3199,1067,10,2,34,M
3200,1067,10,2,72,M
3201,1068,10,2,56,M
3202,1068,10,2,0,M
3203,1068,10,2,56,F
3204,1069,10,2,49,M
3205,1069,10,2,9,M
3206,1069,10,2,82,F
3207,1070,10,2,75,F
3208,1070,10,2,34,M
3209,1070,10,2,15,F
3210,1071,10,2,76,M
3211,1071,10,2,5,F
3212,1071,10,2,11,F
3213,1072,10,2,94,M
3214,1072,10,2,1,M
3215,1072,10,2,91,M
3216,1073,10,2,89,F
3217,1073,10,2,11,M
3218,1073,10,2,3,F
3219,1074,10,2,52,M
3220,1074,10,2,5,F
3221,1074,10,2,10,M
3222,1075,10,2,0,F
3223,1075,10,2,73,F
3224,1075,10,2,80,F
3225,1076,10,2,7,M
3226,1076,10,2,11,F
3227,1076,10,2,17,F
3228,1077,10,2,26,F
3229,1077,10,2,83,M
3230,1077,10,2,100,F
3231,1078,10,2,67,M
3232,1078,10,2,30,F
3233,1078,10,2,75,M
3234,1079,10,2,17,F
3235,1079,10,2,14,F
3236,1079,10,2,89,F
3237,1080,10,2,50,F
3238,1080,10,2,5,F
3239,1080,10,2,8,F
3240,1081,10,2,97,F
3241,1081,10,2,63,F
3242,1081,10,2,65,F
3243,1082,10,2,4,M
3244,1082,10,2,3,M
3245,1082,10,2,36,F
3246,1083,10,2,100,M
3247,1083,10,2,0,F
3248,1083,10,2,18,F
3249,1084,10,2,61,M
3250,1084,10,2,97,M
3251,1084,10,2,50,F
3252,1085,10,2,10,F
3253,1085,10,2,92,F
3254,1085,10,2,7,F
3255,1086,10,2,65,F
3256,1086,10,2,8,M
3257,1086,10,2,18,M
3258,1087,10,2,40,F
3259,1087,10,2,70,F
3260,1087,10,2,17,F
3261,1088,10,2,54,F
3262,1088,10,2,42,F
3263,1088,11,3,19,F
3264,1089,11,3,72,M
3265,1089,11,3,47,F
3266,1089,11,3,3,M
3267,1090,11,3,3,M
3268,1090,11,3,2,F
3269,1090,11,3,9,F
3270,1091,11,3,32,F
3271,1091,11,3,2,F
3272,1091,11,3,99,F
3273,1092,11,3,35,M
3274,1092,11,3,82,M
3275,1092,11,3,7,M
3276,1093,11,3,12,F
3277,1093,11,3,10,M
3278,1093,11,3,70,F
3279,1094,11,3,48,M
3280,1094,11,3,50,M
3281,1094,11,3,43,M
3282,1095,11,3,30,M
3283,1095,11,3,14,F
3284,1095,11,3,61,F
3285,1096,11,3,1,M
3286,1096,11,3,27,M
3287,1096,11,3,81,M
3288,1097,11,3,1,F
3289,1097,11,3,80,F
3290,1097,11,3,34,F
3291,1098,11,3,51,M
3292,1098,11,3,19,M
3293,1098,11,3,59,F
3294,1099,11,3,19,M
3295,1099,11,3,12,M
3296,1099,11,3,76,F
3297,1100,11,3,19,M
3298,1100,11,3,69,F
3299,1100,11,3,5,F
3300,1101,11,3,10,F
3301,1101,11,3,5,M
3302,1101,11,3,9,F
3303,1102,11,3,17,M
3304,1102,11,3,7,F
3305,1102,11,3,76,F
3306,1103,11,3,89,M
3307,1103,11,3,23,M
3308,1103,11,3,80,M
3309,1104,11,3,39,F
3310,1104,11,3,37,F
3311,1104,11,3,5,F
3312,1105,11,3,78,M
3313,1105,11,3,32,F
3314,1105,11,3,5,F
3315,1106,11,3,97,M
3316,1106,11,3,58,M
3317,1106,11,3,92,M
3318,1107,11,3,17,F
3319,1107,11,3,4,F
3320,1107,11,3,18,M
3321,1108,11,3,62,F
3322,1108,11,3,81,F
3323,1108,11,3,17,M
3324,1109,11,3,46,M
3325,1109,11,3,42,F
3326,1109,11,3,29,F
3327,1110,11,3,59,F
3328,1110,11,3,23,M
3329,1110,11,3,73,M
3330,1111,11,3,6,F
3331,1111,11,3,10,M
3332,1111,11,3,81,M
3333,1112,11,3,5,F
3334,1112,11,3,18,F
3335,1112,11,3,71,F
3336,1113,11,3,55,F
3337,1113,11,3,21,M
3338,1113,11,3,12,M
3339,1114,11,3,70,F
3340,1114,11,3,85,M
3341,1114,11,3,32,M
3342,1115,11,3,0,M
3343,1115,11,3,0,F
3344,1115,11,3,35,F
3345,1116,11,3,85,F
3346,1116,11,3,18,F
3347,1116,11,3,63,F
3348,1117,11,3,77,M
3349,1117,11,3,7,M
3350,1117,11,3,11,M
3351,1118,11,3,64,M
3352,1118,11,3,83,M
3353,1118,11,3,38,M
3354,1119,11,3,58,F
3355,1119,11,3,81,M
3356,1119,11,3,5,F
3357,1120,11,3,8,F
3358,1120,11,3,1,M
3359,1120,11,3,89,F
3360,1121,11,3,96,F
3361,1121,11,3,1,F
3362,1121,11,3,50,M
3363,1122,11,3,17,F
3364,1122,11,3,3,M
3365,1122,11,3,6,F
3366,1123,11,3,98,F
3367,1123,11,3,69,F
3368,1123,11,3,2,F
3369,1124,11,3,38,F
3370,1124,11,3,14,M
3371,1124,11,3,43,F
3372,1125,11,3,49,M
3373,1125,11,3,16,F
3374,1125,11,3,87,M
3375,1126,11,3,39,F
3376,1126,11,3,34,F
3377,1126,11,3,1,F
3378,1127,11,3,67,F
3379,1127,11,3,21,M
3380,1127,11,3,41,F
3381,1128,11,3,91,F
3382,1128,11,3,7,F
3383,1128,11,3,67,F
3384,1129,11,3,96,F
3385,1129,11,3,76,M
3386,1129,11,3,55,F
3387,1130,11,3,63,M
3388,1130,11,3,60,M
3389,1130,11,3,10,M
3390,1131,11,3,53,M
3391,1131,11,3,76,F
3392,1131,11,3,18,M
3393,1132,11,3,47,M
3394,1132,11,3,23,F
3395,1132,11,3,23,M
3396,1133,11,3,10,M
3397,1133,11,3,77,F
3398,1133,11,3,32,M
3399,1134,11,3,7,M
3400,1134,11,3,38,F
3401,1134,11,3,74,M
3402,1135,11,3,73,F
3403,1135,11,3,88,M
3404,1135,11,3,65,F
3405,1136,11,3,76,M
3406,1136,11,3,97,M
3407,1136,11,3,79,M
3408,1137,11,3,41,M
3409,1137,11,3,56,M
3410,1137,11,3,90,M
3411,1138,11,3,68,F
3412,1138,11,3,72,F
3413,1138,11,3,68,M
3414,1139,11,3,9,F
3415,1139,11,3,20,M
3416,1139,11,3,7,M
3417,1140,11,3,33,F
3418,1140,11,3,73,M
3419,1140,11,3,14,F
3420,1141,11,3,21,M
3421,1141,11,3,5,F
3422,1141,11,3,66,F
3423,1142,11,3,23,M
3424,1142,11,3,9,F
3425,1142,11,3,75,M
3426,1143,11,3,77,F
3427,1143,11,3,91,F
3428,1143,11,3,95,F
3429,1144,11,3,94,F
3430,1144,11,3,8,M
3431,1144,11,3,66,M
3432,1145,11,3,5,F
3433,1145,11,3,28,M
3434,1145,11,3,32,F
3435,1146,11,3,71,M
3436,1146,11,3,89,M
3437,1146,11,3,98,F
3438,1147,11,3,30,F
3439,1147,11,3,67,F
3440,1147,11,3,90,M
3441,1148,11,3,80,M
3442,1148,11,3,64,F
3443,1148,11,3,57,F
3444,1149,11,3,64,F
3445,1149,11,3,73,F
3446,1149,11,3,5,F
3447,1150,11,3,27,M
3448,1150,11,3,42,F
3449,1150,11,3,12,F
3450,1151,11,3,43,M
3451,1151,11,3,1,F
3452,1151,11,3,14,F
3453,1152,11,3,67,M
3454,1152,11,3,68,F
3455,1152,11,3,15,F
3456,1153,11,3,7,M
3457,1153,11,3,34,M
3458,1153,11,3,34,M
3459,1154,11,3,77,M
3460,1154,11,3,22,F
3461,1154,11,3,60,M
3462,1155,11,3,66,M
3463,1155,11,3,6,M
3464,1155,11,3,79,F
3465,1156,11,3,34,M
3466,1156,11,3,66,F
3467,1156,11,3,4,M
3468,1157,11,3,31,M
3469,1157,11,3,37,F
3470,1157,11,3,4,F
3471,1158,11,3,51,F
3472,1158,11,3,85,F
3473,1158,11,3,57,F
3474,1159,11,3,63,F
3475,1159,11,3,68,F
3476,1159,11,3,79,M
3477,1160,11,3,41,F
3478,1160,11,3,66,M
3479,1160,11,3,97,M
3480,1161,11,3,64,F
3481,1161,11,3,37,M
3482,1161,11,3,94,F
3483,1162,11,3,91,M
3484,1162,11,3,52,F
3485,1162,11,3,6,F
3486,1163,11,3,49,M
3487,1163,11,3,43,M
3488,1163,11,3,24,F
3489,1164,11,3,18,F
3490,1164,11,3,1,M
3491,1164,11,3,8,F
3492,1165,11,3,2,F
3493,1165,11,3,87,M
3494,1165,11,3,11,F
3495,1166,11,3,0,F
3496,1166,11,3,4,M
3497,1166,11,3,30,F
3498,1167,11,3,48,F
3499,1167,11,3,74,F
3500,1167,11,3,80,M
3501,1168,11,3,72,F
3502,1168,11,3,72,F
3503,1168,11,3,9,F
3504,1169,11,3,5,F
3505,1169,11,3,26,F
3506,1169,11,3,21,M
3507,1170,11,3,95,F
3508,1170,11,3,69,M
3509,1170,11,3,84,M
3510,1171,11,3,49,F
3511,1171,11,3,47,M
3512,1171,11,3,57,M
3513,1172,11,3,11,M
3514,1172,11,3,95,M
3515,1172,11,3,70,M
3516,1173,11,3,7,M
3517,1173,11,3,96,F
3518,1173,11,3,75,M
3519,1174,11,3,80,F
3520,1174,11,3,5,F
3521,1174,11,3,28,M
3522,1175,11,3,39,M
3523,1175,11,3,21,M
3524,1175,11,3,30,F
3525,1176,11,3,26,M
3526,1176,11,3,6,M
3527,1176,11,3,45,F
3528,1177,11,3,8,F
3529,1177,11,3,72,M
3530,1177,11,3,18,F
3531,1178,11,3,62,M
3532,1178,11,3,54,F
3533,1178,11,3,10,M
3534,1179,11,3,18,M
3535,1179,11,3,19,F
3536,1179,11,3,88,F
3537,1180,11,3,25,M
3538,1180,11,3,3,M
3539,1180,11,3,71,M
3540,1181,11,3,39,F
3541,1181,11,3,94,F
3542,1181,11,3,3,F
3543,1182,11,3,46,M
3544,1182,11,3,38,F
3545,1182,11,3,56,M
3546,1183,11,3,16,M
3547,1183,11,3,14,M
3548,1183,11,3,18,F
3549,1184,11,3,33,M
3550,1184,11,3,74,M
3551,1184,11,3,25,M
3552,1185,11,3,74,F
3553,1185,11,3,96,F
3554,1185,11,3,2,F
3555,1186,11,3,96,F
3556,1186,11,3,59,M
3557,1186,11,3,0,F
3558,1187,11,3,16,F
3559,1187,11,3,81,F
3560,1187,11,3,100,M
3561,1188,11,3,50,F
3562,1188,11,3,2,M
3563,1188,11,3,18,F
3564,1189,11,3,64,M
3565,1189,11,3,67,F
3566,1189,11,3,86,M
3567,1190,11,3,53,F
3568,1190,11,3,86,F
3569,1190,11,3,56,F
3570,1191,11,3,16,F
3571,1191,11,3,21,F
3572,1191,11,3,96,F
3573,1192,11,3,0,M
3574,1192,11,3,58,M
3575,1192,11,3,53,M
3576,1193,11,3,89,M
3577,1193,11,3,29,F
3578,1193,11,3,72,M
3579,1194,11,3,75,M
3580,1194,11,3,45,F
3581,1194,11,3,61,F
3582,1195,11,3,97,F
3583,1195,11,3,80,F
3584,1195,11,3,26,M
3585,1196,11,3,7,F
3586,1196,11,3,93,F
3587,1196,11,3,0,M
3588,1197,11,3,71,F
3589,1197,11,3,11,F
3590,1197,11,3,77,M
3591,1198,11,3,14,F
3592,1198,11,3,97,M
3593,1198,11,3,16,M
3594,1199,11,3,0,F
3595,1199,11,3,6,F
3596,1199,11,3,48,F
3597,1200,11,3,10,M
3598,1200,11,3,59,M
3599,1200,11,3,3,M
3600,1201,11,3,70,M
3601,1201,11,3,15,M
3602,1201,11,3,86,F
3603,1202,11,3,11,M
3604,1202,11,3,100,F
3605,1202,11,3,62,F
3606,1203,11,3,0,F
3607,1203,11,3,57,M
3608,1203,11,3,83,F
3609,1204,11,3,32,F
3610,1204,11,3,16,F
3611,1204,12,3,42,M
3612,1205,12,3,86,M
3613,1205,12,3,2,F
3614,1205,12,3,44,F
3615,1206,12,3,0,M
3616,1206,12,3,20,M
3617,1206,12,3,99,M
3618,1207,12,3,98,F
3619,1207,12,3,95,M
3620,1207,12,3,11,F
3621,1208,12,3,18,M
3622,1208,12,3,1,F
3623,1208,12,3,77,F
3624,1209,12,3,81,M
3625,1209,12,3,6,M
3626,1209,12,3,96,M
3627,1210,12,3,79,M
3628,1210,12,3,94,F
3629,1210,12,3,72,F
3630,1211,12,3,50,M
3631,1211,12,3,97,M
3632,1211,12,3,25,M
3633,1212,12,3,74,M
3634,1212,12,3,91,F
3635,1212,12,3,3,F
3636,1213,12,3,3,M
3637,1213,12,3,47,F
3638,1213,12,3,82,F
3639,1214,12,3,5,F
3640,1214,12,3,14,M
3641,1214,12,3,34,F
3642,1215,12,3,76,M
3643,1215,12,3,21,M
3644,1215,12,3,34,F
3645,1216,12,3,51,M
3646,1216,12,3,6,M
3647,1216,12,3,51,M
3648,1217,12,3,89,M
3649,1217,12,3,57,F
3650,1217,12,3,23,F
3651,1218,12,3,67,F
3652,1218,12,3,11,M
3653,1218,12,3,76,M
3654,1219,12,3,7,F
3655,1219,12,3,42,F
3656,1219,12,3,18,M
3657,1220,12,3,8,F
3658,1220,12,3,53,F
3659,1220,12,3,24,M
3660,1221,12,3,42,M
3661,1221,12,3,3,M
3662,1221,12,3,31,M
3663,1222,12,3,98,M
3664,1222,12,3,75,F
3665,1222,12,3,11,F
3666,1223,12,3,64,F
3667,1223,12,3,52,F
3668,1223,12,3,83,F
3669,1224,12,3,54,F
3670,1224,12,3,19,M
3671,1224,12,3,34,M
3672,1225,12,3,40,M
3673,1225,12,3,57,M
3674,1225,12,3,36,M
3675,1226,12,3,14,F
3676,1226,12,3,77,F
3677,1226,12,3,12,M
3678,1227,12,3,79,M
3679,1227,12,3,23,M
3680,1227,12,3,23,M
3681,1228,12,3,8,F
3682,1228,12,3,11,F
3683,1228,12,3,2,M
3684,1229,12,3,12,F
3685,1229,12,3,10,F
3686,1229,12,3,66,F
3687,1230,12,3,82,M
3688,1230,12,3,10,M
3689,1230,12,3,10,F
3690,1231,12,3,90,M
3691,1231,12,3,80,M
3692,1231,12,3,25,M
3693,1232,12,3,20,M
3694,1232,12,3,18,M
3695,1232,12,3,24,F
3696,1233,12,3,59,F
3697,1233,12,3,86,M
3698,1233,12,3,7,M
3699,1234,12,3,76,M
3700,1234,12,3,44,F
3701,1234,12,3,19,F
3702,1235,12,3,98,M
3703,1235,12,3,91,M
3704,1235,12,3,83,F
3705,1236,12,3,75,F
3706,1236,12,3,14,F
3707,1236,12,3,85,F
3708,1237,12,3,12,M
3709,1237,12,3,74,M
3710,1237,12,3,10,F
3711,1238,12,3,70,F
3712,1238,12,3,40,F
3713,1238,12,3,10,F
3714,1239,12,3,43,F
3715,1239,12,3,66,F
3716,1239,12,3,37,F
3717,1240,12,3,57,M
3718,1240,12,3,12,M
3719,1240,12,3,34,M
3720,1241,12,3,27,F
3721,1241,12,3,31,F
3722,1241,12,3,49,F
3723,1242,12,3,15,M
3724,1242,12,3,8,M
3725,1242,12,3,17,F
3726,1243,12,3,13,M
3727,1243,12,3,36,F
3728,1243,12,3,31,F
3729,1244,12,3,32,F
3730,1244,12,3,77,F
3731,1244,12,3,16,M
3732,1245,12,3,10,M
3733,1245,12,3,16,M
3734,1245,12,3,23,M
3735,1246,12,3,17,M
3736,1246,12,3,75,M
3737,1246,12,3,5,M
3738,1247,12,3,23,M
3739,1247,12,3,20,F
3740,1247,12,3,15,F
3741,1248,12,3,11,M
3742,1248,12,3,100,F
3743,1248,12,3,0,F
3744,1249,12,3,17,F
3745,1249,12,3,74,F
3746,1249,12,3,94,M
3747,1250,12,3,37,M
3748,1250,12,3,84,M
3749,1250,12,3,13,M
3750,1251,12,3,37,F
3751,1251,12,3,67,F
3752,1251,12,3,21,M
3753,1252,12,3,18,M
3754,1252,12,3,31,F
3755,1252,12,3,12,F
3756,1253,12,3,83,M
3757,1253,12,3,25,M
3758,1253,12,3,18,M
3759,1254,12,3,40,F
3760,1254,12,3,21,F
3761,1254,12,3,31,F
3762,1255,12,3,72,F
3763,1255,12,3,19,M
3764,1255,12,3,48,M
3765,1256,12,3,91,M
3766,1256,12,3,98,F
3767,1256,12,3,48,F
3768,1257,12,3,98,M
3769,1257,12,3,94,M
3770,1257,12,3,44,M
3771,1258,12,3,37,F
3772,1258,12,3,48,F
3773,1258,12,3,57,F
3774,1259,12,3,5,M
3775,1259,12,3,61,M
3776,1259,12,3,1,F
3777,1260,12,3,1,M
3778,1260,12,3,4,F
3779,1260,12,3,17,M
3780,1261,12,3,17,M
3781,1261,12,3,35,F
3782,1261,12,3,42,M
3783,1262,12,3,19,F
3784,1262,12,3,27,M
3785,1262,12,3,7,F
3786,1263,12,3,37,M
3787,1263,12,3,27,M
3788,1263,12,3,7,M
3789,1264,12,3,18,F
3790,1264,12,3,9,F
3791,1264,12,3,51,F
3792,1265,12,3,16,M
3793,1265,12,3,99,F
3794,1265,12,3,3,F
3795,1266,12,3,53,M
3796,1266,12,3,43,F
3797,1266,12,3,35,M
3798,1267,12,3,69,F
3799,1267,12,3,58,F
3800,1267,12,3,21,F
3801,1268,12,3,27,M
3802,1268,12,3,30,M
3803,1268,12,3,88,F
3804,1269,12,3,35,M
3805,1269,12,3,64,M
3806,1269,12,3,27,M
3807,1270,12,3,14,M
3808,1270,12,3,16,F
3809,1270,12,3,60,M
3810,1271,12,3,64,M
3811,1271,12,3,89,F
3812,1271,12,3,100,M
3813,1272,12,3,100,M
3814,1272,12,3,71,F
3815,1272,12,3,29,M
3816,1273,12,3,15,M
3817,1273,12,3,35,M
3818,1273,12,3,57,F
3819,1274,12,3,26,F
3820,1274,12,3,83,F
3821,1274,12,3,2,F
3822,1275,12,3,6,M
3823,1275,12,3,19,F
3824,1275,12,3,38,M
3825,1276,12,3,4,M
3826,1276,12,3,66,F
3827,1276,12,3,8,F
3828,1277,12,3,81,M
3829,1277,12,3,81,M
3830,1277,12,3,10,M
3831,1278,12,3,44,F
3832,1278,12,3,10,M
3833,1278,12,3,61,M
3834,1279,12,3,33,M
3835,1279,12,3,13,M
3836,1279,12,3,88,M
3837,1280,12,3,33,M
3838,1280,12,3,81,M
3839,1280,12,3,27,F
3840,1281,12,3,33,M
3841,1281,12,3,2,F
3842,1281,12,3,72,M
3843,1282,12,3,25,M
3844,1282,12,3,12,M
3845,1282,12,3,31,M
3846,1283,12,3,20,M
3847,1283,12,3,62,M
3848,1283,12,3,13,M
3849,1284,12,3,76,M
3850,1284,12,3,67,M
3851,1284,12,3,30,M
3852,1285,12,3,78,F
3853,1285,12,3,48,M
3854,1285,12,3,55,F
3855,1286,12,3,93,M
3856,1286,12,3,14,M
3857,1286,12,3,23,M
3858,1287,12,3,0,F
3859,1287,12,3,0,M
3860,1287,12,3,35,M
3861,1288,12,3,59,F
3862,1288,12,3,58,F
3863,1288,12,3,2,M
3864,1289,12,3,29,F
3865,1289,12,3,98,M
3866,1289,12,3,66,M
3867,1290,12,3,15,M
3868,1290,12,3,52,F
3869,1290,12,3,62,M
3870,1291,12,3,20,F
3871,1291,12,3,98,F
3872,1291,12,3,4,M
3873,1292,12,3,53,F
3874,1292,12,3,26,M
3875,1292,12,3,40,M
3876,1293,12,3,14,M
3877,1293,12,3,18,F
3878,1293,12,3,71,M
3879,1294,12,3,3,F
3880,1294,12,3,40,M
3881,1294,12,3,9,M
3882,1295,12,3,57,M
3883,1295,12,3,91,F
3884,1295,12,3,69,F
3885,1296,12,3,8,F
3886,1296,12,3,57,M
3887,1296,12,3,43,F
3888,1297,12,3,58,F
3889,1297,12,3,70,M
3890,1297,12,3,82,F
3891,1298,12,3,21,M
3892,1298,12,3,45,M
3893,1298,12,3,76,M
3894,1299,12,3,53,F
3895,1299,12,3,43,M
3896,1299,12,3,33,M
3897,1300,12,3,3,F
3898,1300,12,3,4,M
3899,1300,12,3,3,M
3900,1301,12,3,93,M
3901,1301,12,3,5,M
3902,1301,12,3,14,M
3903,1302,12,3,31,F
3904,1302,12,3,18,M
3905,1302,12,3,14,M
3906,1303,12,3,53,F
3907,1303,12,3,17,F
3908,1303,12,3,97,M
3909,1304,12,3,16,F
3910,1304,12,3,4,F
3911,1304,12,3,28,M
3912,1305,12,3,36,F
3913,1305,12,3,41,F
3914,1305,12,3,71,F
3915,1306,12,3,1,F
3916,1306,12,3,31,M
3917,1306,12,3,71,F
3918,1307,12,3,52,M
3919,1307,12,3,46,M
3920,1307,12,3,15,F
3921,1308,12,3,18,F
3922,1308,12,3,25,F
3923,1308,12,3,4,M
3924,1309,12,3,66,M
3925,1309,12,3,9,M
3926,1309,12,3,0,F
3927,1310,12,3,39,F
3928,1310,12,3,93,F
3929,1310,12,3,26,F
3930,1311,12,3,57,M
3931,1311,12,3,29,M
3932,1311,12,3,100,M
3933,1312,12,3,26,M
3934,1312,12,3,11,F
3935,1312,12,3,95,F
3936,1313,12,3,41,F
3937,1313,12,3,56,F
3938,1313,12,3,64,F
3939,1314,12,3,92,M
3940,1314,12,3,14,M
3941,1314,12,3,91,F
3942,1315,12,3,56,M
3943,1315,12,3,64,M
3944,1315,12,3,15,F
3945,1316,12,3,94,M
3946,1316,12,3,15,M
3947,1316,12,3,0,M
3948,1317,12,3,57,F
3949,1317,12,3,28,M
3950,1317,12,3,42,M
3951,1318,12,3,85,M
3952,1318,12,3,80,F
3953,1318,12,3,63,F
3954,1319,12,3,50,F
3955,1319,12,3,71,M
3956,1319,12,3,6,F
3957,1320,12,3,78,F
3958,1320,12,3,70,F
3959,1320,12,3,64,M
3960,1321,12,3,99,F
3961,1321,12,3,0,M
3962,1321,12,3,73,F
3963,1322,12,3,43,F
3964,1322,12,3,68,M
3965,1322,12,3,10,M
3966,1323,12,3,65,M
3967,1323,12,3,38,M
3968,1323,12,3,34,M
3969,1324,12,3,11,M
3970,1324,12,3,70,M
3971,1324,12,3,15,F
3972,1325,12,3,33,M
3973,1325,12,3,85,M
3974,1325,12,3,4,M
3975,1326,12,3,25,F
3976,1326,12,3,3,M
3977,1326,12,3,50,F
3978,1327,12,3,38,M
3979,1327,12,3,0,F
3980,1327,12,3,70,M
3981,1328,12,3,60,M
3982,1328,12,3,5,M
3983,1328,12,3,25,F
3984,1329,12,3,92,F
3985,1329,12,3,71,F
3986,1329,12,3,20,F
3987,1330,12,3,100,M
3988,1330,12,3,93,F
3989,1330,12,3,25,M
3990,1331,12,3,98,F
3991,1331,12,3,77,M
3992,1331,12,3,35,F
3993,1332,12,3,67,M
3994,1332,12,3,1,M
3995,1332,12,3,85,F
3996,1333,12,3,95,M
3997,1333,12,3,24,F
3998,1333,12,3,42,M
3999,1334,12,3,0,F
4000,1334,12,3,1,F
4001,1334,12,3,85,F
4002,1335,12,3,62,M
4003,1335,12,3,53,F
4004,1335,12,3,69,M
4005,1336,12,3,22,F
4006,1336,12,3,99,M
4007,1336,12,3,68,F
4008,1337,12,3,53,M
4009,1337,12,3,85,M
4010,1337,12,3,7,M
4011,1338,12,3,18,F
4012,1338,12,3,10,F
4013,1338,12,3,95,F
4014,1339,12,3,60,M
4015,1339,12,3,14,M
4016,1339,12,3,71,M
4017,1340,12,3,6,M
4018,1340,12,3,9,F
4019,1340,12,3,89,F
4020,1341,12,3,13,F
4021,1341,12,3,60,M
4022,1341,12,3,60,F
4023,1342,12,3,5,F
4024,1342,12,3,85,M
4025,1342,12,3,57,F
4026,1343,12,3,90,F
4027,1343,12,3,59,F
4028,1343,12,3,77,M
4029,1344,12,3,15,F
4030,1344,12,3,5,M
4031,1344,12,3,21,M
4032,1345,12,3,70,M
4033,1345,13,3,49,M
4034,1345,13,3,83,F
4035,1346,13,3,49,M
4036,1346,13,3,18,M
4037,1346,13,3,82,F
4038,1347,13,3,19,F
4039,1347,13,3,76,M
4040,1347,13,3,42,M
4041,1348,13,3,6,M
4042,1348,13,3,45,F
4043,1348,13,3,19,F
4044,1349,13,3,81,F
4045,1349,13,3,62,M
4046,1349,13,3,52,M
4047,1350,13,3,70,M
4048,1350,13,3,52,F
4049,1350,13,3,40,M
4050,1351,13,3,16,F
4051,1351,13,3,56,M
4052,1351,13,3,39,F
4053,1352,13,3,3,F
4054,1352,13,3,9,M
4055,1352,13,3,82,M
4056,1353,13,3,64,M
4057,1353,13,3,91,M
4058,1353,13,3,83,F
4059,1354,13,3,18,M
4060,1354,13,3,99,F
4061,1354,13,3,20,F
4062,1355,13,3,99,F
4063,1355,13,3,27,F
4064,1355,13,3,17,M
4065,1356,13,3,64,F
4066,1356,13,3,5,F
4067,1356,13,3,71,M
4068,1357,13,3,82,F
4069,1357,13,3,35,M
4070,1357,13,3,49,F
4071,1358,13,3,64,F
4072,1358,13,3,88,M
4073,1358,13,3,13,M
4074,1359,13,3,68,M
4075,1359,13,3,23,M
4076,1359,13,3,62,M
4077,1360,13,3,25,F
4078,1360,13,3,62,M
4079,1360,13,3,92,M
4080,1361,13,3,23,F
4081,1361,13,3,10,M
4082,1361,13,3,7,F
4083,1362,13,3,51,M
4084,1362,13,3,55,F
4085,1362,13,3,14,M
4086,1363,13,3,14,F
4087,1363,13,3,18,M
4088,1363,13,3,58,F
4089,1364,13,3,73,M
4090,1364,13,3,74,F
4091,1364,13,3,16,F
4092,1365,13,3,24,M
4093,1365,13,3,7,M
4094,1365,13,3,39,M
4095,1366,13,3,1,F
4096,1366,13,3,16,M
4097,1366,13,3,76,M
4098,1367,13,3,26,F
4099,1367,13,3,18,M
4100,1367,13,3,6,M
4101,1368,13,3,66,M
4102,1368,13,3,29,M
4103,1368,13,3,27,F
4104,1369,13,3,3,M
4105,1369,13,3,71,M
4106,1369,13,3,96,M
4107,1370,13,3,10,M
4108,1370,13,3,0,F
4109,1370,13,3,76,M
4110,1371,13,3,2,M
4111,1371,13,3,58,M
4112,1371,13,3,48,M
4113,1372,13,3,5,M
4114,1372,13,3,41,F
4115,1372,13,3,96,M
4116,1373,13,3,31,M
4117,1373,13,3,15,M
4118,1373,13,3,94,F
4119,1374,13,3,59,F
4120,1374,13,3,8,F
4121,1374,13,3,64,F
4122,1375,13,3,53,M
4123,1375,13,3,63,M
4124,1375,13,3,14,M
4125,1376,13,3,8,M
4126,1376,13,3,95,M
4127,1376,13,3,51,F
4128,1377,13,3,7,F
4129,1377,13,3,4,F
4130,1377,13,3,15,M
4131,1378,13,3,28,M
4132,1378,13,3,94,F
4133,1378,13,3,93,M
4134,1379,13,3,44,M
4135,1379,13,3,56,F
4136,1379,13,3,100,M
4137,1380,13,3,66,M
4138,1380,13,3,30,M
4139,1380,13,3,19,F
4140,1381,13,3,25,M
4141,1381,13,3,4,M
4142,1381,13,3,44,F
4143,1382,13,3,3,M
4144,1382,13,3,23,F
4145,1382,13,3,74,M
4146,1383,13,3,85,M
4147,1383,13,3,16,M
4148,1383,13,3,25,M
4149,1384,13,3,25,M
4150,1384,13,3,74,M
4151,1384,13,3,10,F
4152,1385,13,3,51,F
4153,1385,13,3,5,F
4154,1385,13,3,64,F
4155,1386,13,3,46,M
4156,1386,13,3,88,M
4157,1386,13,3,19,F
4158,1387,13,3,10,F
4159,1387,13,3,37,M
4160,1387,13,3,15,M
4161,1388,13,3,59,M
4162,1388,13,3,25,F
4163,1388,13,3,3,F
4164,1389,13,3,65,M
4165,1389,13,3,62,F
4166,1389,13,3,65,M
4167,1390,13,3,33,F
4168,1390,13,3,76,F
4169,1390,13,3,16,F
4170,1391,13,3,42,M
4171,1391,13,3,18,M
4172,1391,13,3,94,F
4173,1392,13,3,73,M
4174,1392,13,3,56,M
4175,1392,13,3,68,M
4176,1393,13,3,9,M
4177,1393,13,3,5,F
4178,1393,13,3,47,F
4179,1394,13,3,77,M
4180,1394,13,3,96,F
4181,1394,13,3,61,M
4182,1395,13,3,38,M
4183,1395,13,3,29,M
4184,1395,13,3,90,M
4185,1396,13,3,66,F
4186,1396,13,3,14,M
4187,1396,13,3,53,M
4188,1397,13,3,61,M
4189,1397,13,3,10,F
4190,1397,13,3,81,F
4191,1398,13,3,95,F
4192,1398,13,3,39,M
4193,1398,13,3,25,M
4194,1399,13,3,20,M
4195,1399,13,3,80,M
4196,1399,13,3,17,F
4197,1400,13,3,17,M
4198,1400,13,3,0,F
4199,1400,13,3,13,F
4200,1401,13,3,92,M
4201,1401,13,3,93,F
4202,1401,13,3,3,M
4203,1402,13,3,54,F
4204,1402,13,3,18,M
4205,1402,13,3,0,M
4206,1403,13,3,28,M
4207,1403,13,3,6,F
4208,1403,13,3,11,M
4209,1404,13,3,29,F
4210,1404,13,3,0,F
4211,1404,13,3,13,F
4212,1405,13,3,25,F
4213,1405,13,3,31,M
4214,1405,13,3,44,F
4215,1406,13,3,6,F
4216,1406,13,3,59,F
4217,1406,13,3,9,F
4218,1407,13,3,70,M
4219,1407,13,3,23,M
4220,1407,13,3,6,F
4221,1408,13,3,2,F
4222,1408,13,3,30,F
4223,1408,13,3,89,M
4224,1409,13,3,60,F
4225,1409,13,3,96,F
4226,1409,13,3,7,F
4227,1410,13,3,46,M
4228,1410,13,3,19,F
4229,1410,13,3,40,F
4230,1411,13,3,7,M
4231,1411,13,3,75,M
4232,1411,13,3,9,M
4233,1412,13,3,72,M
4234,1412,13,3,3,F
4235,1412,13,3,31,M
4236,1413,13,3,32,F
4237,1413,13,3,17,M
4238,1413,13,3,72,M
4239,1414,13,3,54,M
4240,1414,13,3,15,M
4241,1414,13,3,84,M
4242,1415,13,3,60,F
4243,1415,13,3,12,M
4244,1415,13,3,64,M
4245,1416,13,3,11,M
4246,1416,13,3,13,M
4247,1416,13,3,28,F
4248,1417,13,3,99,M
4249,1417,13,3,31,M
4250,1417,13,3,5,M
4251,1418,13,3,26,F
4252,1418,13,3,64,M
4253,1418,13,3,13,F
4254,1419,13,3,37,F
4255,1419,13,3,57,F
4256,1419,13,3,6,F
4257,1420,13,3,16,F
4258,1420,13,3,66,M
4259,1420,13,3,19,M
4260,1421,13,3,10,M
4261,1421,13,3,3,F
4262,1421,13,3,12,F
4263,1422,13,3,16,M
4264,1422,13,3,32,F
4265,1422,13,3,94,F
4266,1423,13,3,20,M
4267,1423,13,3,5,M
4268,1423,13,3,62,M
4269,1424,13,3,20,F
4270,1424,13,3,69,F
4271,1424,13,3,14,F
4272,1425,13,3,12,F
4273,1425,13,3,5,M
4274,1425,13,3,7,M
4275,1426,13,3,2,M
4276,1426,13,3,11,F
4277,1426,13,3,91,M
4278,1427,13,3,93,F
4279,1427,13,3,18,F
4280,1427,13,3,99,M
4281,1428,13,3,44,M
4282,1428,13,3,2,M
4283,1428,13,3,30,F
4284,1429,13,3,87,F
4285,1429,13,3,88,F
4286,1429,13,3,56,M
4287,1430,13,3,90,M
4288,1430,13,3,38,M
4289,1430,13,3,10,F
4290,1431,13,3,64,M
4291,1431,13,3,17,M
4292,1431,13,3,76,M
4293,1432,13,3,69,F
4294,1432,13,3,39,M
4295,1432,13,3,10,F
4296,1433,13,3,48,F
4297,1433,13,3,28,F
4298,1433,13,3,12,M
4299,1434,13,3,9,M
4300,1434,13,3,51,M
4301,1434,13,3,86,F
4302,1435,13,3,40,F
4303,1435,13,3,18,M
4304,1435,13,3,17,F
4305,1436,13,3,46,M
4306,1436,13,3,13,M
4307,1436,13,3,17,M
4308,1437,13,3,93,F
4309,1437,13,3,92,F
4310,1437,13,3,85,M
4311,1438,13,3,57,M
4312,1438,13,3,99,M
4313,1438,13,3,44,M
4314,1439,13,3,58,F
4315,1439,13,3,19,F
4316,1439,13,3,67,F
4317,1440,13,3,88,F
4318,1440,13,3,19,M
4319,1440,13,3,55,M
4320,1441,13,3,79,M
4321,1441,13,3,68,F
4322,1441,13,3,10,M
4323,1442,13,3,45,M
4324,1442,13,3,67,F
4325,1442,13,3,94,F
4326,1443,13,3,85,M
4327,1443,13,3,78,M
4328,1443,13,3,19,M
4329,1444,13,3,50,F
4330,1444,13,3,9,M
4331,1444,13,3,68,F
4332,1445,13,3,24,F
4333,1445,13,3,5,M
4334,1445,13,3,35,M
4335,1446,13,3,11,F
4336,1446,13,3,94,M
4337,1446,13,3,58,M
4338,1447,13,3,18,M
4339,1447,13,3,78,M
4340,1447,13,3,4,M
4341,1448,13,3,31,F
4342,1448,13,3,90,F
4343,1448,14,3,43,M
4344,1449,14,3,52,F
4345,1449,14,3,26,M
4346,1449,14,3,80,M
4347,1450,14,3,7,M
4348,1450,14,3,16,M
4349,1450,14,3,75,M
4350,1451,14,3,95,M
4351,1451,14,3,45,F
4352,1451,14,3,83,M
4353,1452,14,3,12,F
4354,1452,14,3,71,F
4355,1452,14,3,78,F
4356,1453,14,3,20,M
4357,1453,14,3,14,F
4358,1453,14,3,55,M
4359,1454,14,3,1,M
4360,1454,14,3,6,F
4361,1454,14,3,6,F
4362,1455,14,3,8,M
4363,1455,14,3,1,F
4364,1455,14,3,26,F
4365,1456,14,3,59,M
4366,1456,14,3,91,F
4367,1456,14,3,63,M
4368,1457,14,3,39,M
4369,1457,14,3,13,F
4370,1457,14,3,23,F
4371,1458,14,3,7,M
4372,1458,14,3,88,M
4373,1458,14,3,10,F
4374,1459,14,3,52,F
4375,1459,14,3,9,F
4376,1459,14,3,55,F
4377,1460,14,3,22,M
4378,1460,14,3,16,F
4379,1460,14,3,60,F
4380,1461,14,3,78,M
4381,1461,14,3,75,M
4382,1461,14,3,74,M
4383,1462,14,3,19,F
4384,1462,14,3,34,F
4385,1462,14,3,78,M
4386,1463,14,3,49,F
4387,1463,14,3,8,F
4388,1463,14,3,100,M
4389,1464,14,3,72,F
4390,1464,14,3,19,F
4391,1464,14,3,38,F
4392,1465,14,3,52,F
4393,1465,14,3,8,M
4394,1465,14,3,26,F
4395,1466,14,3,45,F
4396,1466,14,3,44,M
4397,1466,14,3,26,F
4398,1467,14,3,43,M
4399,1467,14,3,65,M
4400,1467,14,3,23,M
4401,1468,14,3,100,M
4402,1468,14,3,23,F
4403,1468,14,3,95,M
4404,1469,14,3,3,F
4405,1469,14,3,23,M
4406,1469,14,3,17,M
4407,1470,14,3,81,F
4408,1470,14,3,14,M
4409,1470,14,3,3,M
4410,1471,14,3,7,M
4411,1471,14,3,25,M
4412,1471,14,3,64,F
4413,1472,14,3,24,M
4414,1472,14,3,60,M
4415,1472,14,3,37,M
4416,1473,14,3,1,F
4417,1473,14,3,8,M
4418,1473,14,3,4,F
4419,1474,14,3,9,M
4420,1474,14,3,36,M
4421,1474,14,3,70,F
4422,1475,14,3,36,F
4423,1475,14,3,33,M
4424,1475,14,3,17,M
4425,1476,14,3,3,M
4426,1476,14,3,53,M
4427,1476,14,3,40,M
4428,1477,14,3,27,F
4429,1477,14,3,62,F
4430,1477,14,3,47,F
4431,1478,14,3,91,F
4432,1478,14,3,65,F
4433,1478,14,3,92,F
4434,1479,14,3,97,F
4435,1479,14,3,98,M
4436,1479,14,3,69,F
4437,1480,14,3,54,M
4438,1480,14,3,27,M
4439,1480,14,3,78,F
4440,1481,14,3,37,F
4441,1481,14,3,80,M
4442,1481,14,3,3,F
4443,1482,14,3,58,M
4444,1482,14,3,16,M
4445,1482,14,3,4,F
4446,1483,14,3,1,F
4447,1483,14,3,9,M
4448,1483,14,3,3,M
4449,1484,14,3,71,F
4450,1484,14,3,11,M
4451,1484,14,3,57,M
4452,1485,14,3,14,M
4453,1485,14,3,98,M
4454,1485,14,3,48,F
4455,1486,14,3,2,F
4456,1486,14,3,5,F
4457,1486,14,3,0,F
4458,1487,14,3,70,F
4459,1487,14,3,40,F
4460,1487,14,3,70,F
4461,1488,14,3,97,M
4462,1488,14,3,20,M
4463,1488,14,3,40,M
4464,1489,14,3,1,F
4465,1489,14,3,37,M
4466,1489,14,3,17,M
4467,1490,14,3,62,M
4468,1490,14,3,87,M
4469,1490,14,3,95,M
4470,1491,14,3,87,M
4471,1491,14,3,73,M
4472,1491,14,3,100,F
4473,1492,14,3,34,M
4474,1492,14,3,21,F
4475,1492,14,3,55,F
4476,1493,14,3,2,F
4477,1493,14,3,14,M
4478,1493,14,3,95,F
4479,1494,14,3,5,M
4480,1494,14,3,8,F
4481,1494,14,3,46,M
4482,1495,14,3,40,F
4483,1495,14,3,18,F
4484,1495,14,3,9,F
4485,1496,14,3,49,F
4486,1496,14,3,5,M
4487,1496,14,3,65,F
4488,1497,14,3,15,F
4489,1497,14,3,98,F
4490,1497,14,3,58,M
4491,1498,14,3,93,F
4492,1498,14,3,2,F
4493,1498,15,3,83,M
4494,1499,15,3,33,F
4495,1499,15,3,25,F
4496,1499,15,3,41,F
4497,1500,15,3,86,M
4498,1500,15,3,55,M
4499,1500,15,3,69,M
4500,1501,15,3,64,M
4501,1501,15,3,9,M
4502,1501,15,3,17,M
4503,1502,15,3,48,M
4504,1502,15,3,13,F
4505,1502,15,3,60,F
4506,1503,15,3,36,F
4507,1503,15,3,6,M
4508,1503,15,3,68,F
4509,1504,15,3,72,M
4510,1504,15,3,28,M
4511,1504,15,3,19,F
4512,1505,15,3,12,F
4513,1505,15,3,6,F
4514,1505,15,3,2,M
4515,1506,15,3,94,M
4516,1506,15,3,57,F
4517,1506,15,3,48,F
4518,1507,15,3,3,F
4519,1507,15,3,75,F
4520,1507,15,3,12,M
4521,1508,15,3,85,F
4522,1508,15,3,16,M
4523,1508,15,3,5,M
4524,1509,15,3,16,M
4525,1509,15,3,18,F
4526,1509,15,3,85,M
4527,1510,15,3,61,F
4528,1510,15,3,11,M
4529,1510,15,3,5,F
4530,1511,15,3,21,F
4531,1511,15,3,9,F
4532,1511,15,3,93,F
4533,1512,15,3,37,M
4534,1512,15,3,96,F
4535,1512,15,3,22,F
4536,1513,15,3,79,M
4537,1513,15,3,4,M
4538,1513,15,3,19,F
4539,1514,15,3,0,F
4540,1514,15,3,92,F
4541,1514,15,3,84,M
4542,1515,15,3,75,F
4543,1515,15,3,15,M
4544,1515,15,3,99,M
4545,1516,15,3,56,M
4546,1516,15,3,2,M
4547,1516,15,3,30,M
4548,1517,15,3,52,M
4549,1517,15,3,22,M
4550,1517,15,3,97,M
4551,1518,15,3,24,F
4552,1518,15,3,0,F
4553,1518,15,3,40,M
4554,1519,15,3,64,F
4555,1519,15,3,30,F
4556,1519,15,3,22,F
4557,1520,15,3,43,F
4558,1520,15,3,6,M
4559,1520,15,3,35,F
4560,1521,15,3,10,M
4561,1521,15,3,45,F
4562,1521,15,3,17,F
4563,1522,15,3,56,M
4564,1522,15,3,100,M
4565,1522,15,3,5,M
4566,1523,15,3,54,F
4567,1523,15,3,6,M
4568,1523,15,3,56,M
4569,1524,15,3,60,F
4570,1524,15,3,12,F
4571,1524,15,3,46,M
4572,1525,15,3,11,F
4573,1525,15,3,95,F
4574,1525,15,3,97,F
4575,1526,15,3,29,F
4576,1526,15,3,0,F
4577,1526,15,3,74,F
4578,1527,15,3,16,F
4579,1527,15,3,18,F
4580,1527,15,3,61,M
4581,1528,15,3,88,F
4582,1528,15,3,1,M
4583,1528,15,3,9,F
4584,1529,15,3,81,F
4585,1529,15,3,20,F
4586,1529,15,3,14,F
4587,1530,15,3,11,F
4588,1530,15,3,80,F
4589,1530,15,3,7,F
4590,1531,15,3,98,M
4591,1531,15,3,28,F
4592,1531,15,3,42,F
4593,1532,15,3,13,M
4594,1532,15,3,41,F
4595,1532,15,3,82,F
4596,1533,15,3,81,M
4597,1533,15,3,94,M
4598,1533,15,3,5,M
4599,1534,15,3,32,M
4600,1534,15,3,1,M
4601,1534,15,3,49,M
4602,1535,15,3,69,M
4603,1535,15,3,98,F
4604,1535,15,3,11,M
4605,1536,15,3,17,M
4606,1536,15,3,67,F
4607,1536,15,3,73,M
4608,1537,15,3,16,M
4609,1537,15,3,55,M
4610,1537,15,3,6,M
4611,1538,15,3,6,F
4612,1538,15,3,15,M
4613,1538,15,3,5,F
4614,1539,15,3,82,M
4615,1539,15,3,27,F
4616,1539,15,3,76,F
4617,1540,15,3,4,M
4618,1540,15,3,12,F
4619,1540,15,3,25,F
4620,1541,15,3,56,F
4621,1541,15,3,77,M
4622,1541,15,3,18,M
4623,1542,15,3,59,M
4624,1542,15,3,7,F
4625,1542,15,3,100,F
4626,1543,15,3,100,M
4627,1543,15,3,9,F
4628,1543,15,3,92,M
4629,1544,15,3,53,M
4630,1544,15,3,42,M
4631,1544,15,3,13,F
4632,1545,15,3,6,M
4633,1545,15,3,1,M
4634,1545,15,3,13,M
4635,1546,15,3,16,F
4636,1546,15,3,12,M
4637,1546,15,3,22,F
4638,1547,15,3,36,F
4639,1547,15,3,32,F
4640,1547,15,3,91,F
4641,1548,15,3,10,F
4642,1548,15,3,96,M
4643,1548,15,3,50,F
4644,1549,15,3,10,M
4645,1549,15,3,95,F
4646,1549,15,3,32,F
4647,1550,15,3,31,F
4648,1550,15,3,78,M
4649,1550,15,3,53,F
4650,1551,15,3,12,F
4651,1551,15,3,25,M
4652,1551,15,3,34,M
4653,1552,15,3,95,F
4654,1552,15,3,51,F
4655,1552,15,3,53,F
4656,1553,15,3,28,M
4657,1553,15,3,10,F
4658,1553,15,3,31,M
4659,1554,15,3,23,M
4660,1554,15,3,13,F
4661,1554,15,3,25,F
4662,1555,15,3,7,F
4663,1555,15,3,63,F
4664,1555,15,3,12,F
4665,1556,15,3,88,M
4666,1556,15,3,26,M
4667,1556,15,3,43,M
4668,1557,15,3,47,M
4669,1557,15,3,49,F
4670,1557,15,3,62,F
4671,1558,15,3,19,F
4672,1558,15,3,11,M
4673,1558,15,3,77,F
4674,1559,15,3,2,F
4675,1559,15,3,30,M
4676,1559,15,3,34,F
4677,1560,15,3,51,M
4678,1560,15,3,49,F
4679,1560,15,3,1,M
4680,1561,15,3,90,F
4681,1561,15,3,7,F
4682,1561,15,3,2,M
4683,1562,15,3,20,M
4684,1562,15,3,4,M
4685,1562,15,3,80,F
4686,1563,15,3,67,F
4687,1563,15,3,19,F
4688,1563,15,3,28,F
4689,1564,15,3,39,M
4690,1564,15,3,27,F
4691,1564,15,3,39,M
4692,1565,15,3,82,M
4693,1565,15,3,1,M
4694,1565,15,3,79,M
4695,1566,15,3,6,F
4696,1566,15,3,84,F
4697,1566,15,3,13,M
4698,1567,15,3,11,F
4699,1567,15,3,78,M
4700,1567,15,3,93,M
4701,1568,15,3,15,M
4702,1568,15,3,6,F
4703,1568,15,3,4,F
4704,1569,15,3,63,F
4705,1569,15,3,16,M
4706,1569,15,3,91,F
4707,1570,15,3,7,F
4708,1570,16,4,71,F
4709,1570,16,4,57,M
4710,1571,16,4,43,M
4711,1571,16,4,49,F
4712,1571,16,4,98,F
4713,1572,16,4,73,F
4714,1572,16,4,13,F
4715,1572,16,4,72,M
4716,1573,16,4,22,M
4717,1573,16,4,59,M
4718,1573,16,4,64,M
4719,1574,16,4,97,M
4720,1574,16,4,12,M
4721,1574,16,4,36,F
4722,1575,16,4,11,M
4723,1575,16,4,21,F
4724,1575,16,4,72,F
4725,1576,16,4,65,M
4726,1576,16,4,82,M
4727,1576,16,4,90,M
4728,1577,16,4,90,F
4729,1577,16,4,97,M
4730,1577,16,4,74,M
4731,1578,16,4,4,F
4732,1578,16,4,9,F
4733,1578,16,4,95,M
4734,1579,16,4,8,M
4735,1579,16,4,70,M
4736,1579,16,4,1,F
4737,1580,16,4,11,M
4738,1580,16,4,37,F
4739,1580,16,4,22,M
4740,1581,16,4,92,M
4741,1581,16,4,22,M
4742,1581,16,4,9,F
4743,1582,16,4,41,M
4744,1582,16,4,33,F
4745,1582,16,4,5,F
4746,1583,16,4,68,F
4747,1583,16,4,11,M
4748,1583,16,4,28,F
4749,1584,16,4,44,F
4750,1584,16,4,42,M
4751,1584,16,4,62,M
4752,1585,16,4,96,M
4753,1585,16,4,6,M
4754,1585,16,4,49,M
4755,1586,16,4,3,M
4756,1586,16,4,16,F
4757,1586,16,4,27,M
4758,1587,16,4,13,F
4759,1587,16,4,39,M
4760,1587,16,4,75,F
4761,1588,16,4,57,F
4762,1588,16,4,68,M
4763,1588,16,4,11,F
4764,1589,16,4,69,M
4765,1589,16,4,10,M
4766,1589,16,4,10,F
4767,1590,16,4,88,M
4768,1590,16,4,96,F
4769,1590,16,4,31,M
4770,1591,16,4,10,F
4771,1591,16,4,86,M
4772,1591,16,4,62,M
4773,1592,16,4,51,F
4774,1592,16,4,50,F
4775,1592,16,4,85,F
4776,1593,16,4,6,M
4777,1593,16,4,48,F
4778,1593,16,4,81,M
4779,1594,16,4,71,M
4780,1594,16,4,6,F
4781,1594,16,4,34,F
4782,1595,16,4,99,F
4783,1595,16,4,60,F
4784,1595,16,4,24,M
4785,1596,16,4,80,F
4786,1596,16,4,65,F
4787,1596,16,4,6,M
4788,1597,16,4,8,F
4789,1597,16,4,83,M
4790,1597,16,4,23,M
4791,1598,16,4,14,F
4792,1598,16,4,23,M
4793,1598,16,4,11,F
4794,1599,16,4,57,F
4795,1599,16,4,86,F
4796,1599,16,4,99,M
4797,1600,16,4,16,F
4798,1600,16,4,87,F
4799,1600,16,4,51,F
4800,1601,16,4,18,M
4801,1601,16,4,50,F
4802,1601,16,4,80,M
4803,1602,16,4,32,F
4804,1602,16,4,48,F
4805,1602,16,4,17,M
4806,1603,16,4,40,M
4807,1603,16,4,36,M
4808,1603,16,4,43,F
4809,1604,16,4,55,M
4810,1604,16,4,18,F
4811,1604,16,4,3,F
4812,1605,16,4,0,M
4813,1605,16,4,13,M
4814,1605,16,4,3,F
4815,1606,16,4,0,F
4816,1606,16,4,59,M
4817,1606,16,4,3,M
4818,1607,16,4,22,F
4819,1607,16,4,75,M
4820,1607,16,4,95,F
4821,1608,16,4,8,M
4822,1608,16,4,32,M
4823,1608,16,4,17,M
4824,1609,16,4,37,F
4825,1609,16,4,15,F
4826,1609,16,4,31,M
4827,1610,16,4,88,F
4828,1610,16,4,52,M
4829,1610,16,4,48,F
4830,1611,16,4,77,M
4831,1611,16,4,62,M
4832,1611,16,4,15,F
4833,1612,16,4,47,F
4834,1612,16,4,18,F
4835,1612,16,4,48,F
4836,1613,16,4,46,F
4837,1613,16,4,74,F
4838,1613,16,4,5,F
4839,1614,16,4,63,F
4840,1614,16,4,36,F
4841,1614,16,4,36,F
4842,1615,16,4,35,M
4843,1615,16,4,95,F
4844,1615,16,4,5,M
4845,1616,16,4,54,F
4846,1616,16,4,75,F
4847,1616,16,4,7,F
4848,1617,16,4,3,F
4849,1617,16,4,7,M
4850,1617,16,4,35,F
4851,1618,16,4,81,M
4852,1618,16,4,3,M
4853,1618,16,4,20,M
4854,1619,16,4,79,F
4855,1619,16,4,63,M
4856,1619,16,4,7,M
4857,1620,16,4,64,M
4858,1620,16,4,48,F
4859,1620,16,4,8,M
4860,1621,16,4,18,F
4861,1621,16,4,67,M
4862,1621,16,4,77,M
4863,1622,16,4,6,M
4864,1622,16,4,9,M
4865,1622,16,4,42,M
4866,1623,16,4,12,F
4867,1623,16,4,1,F
4868,1623,16,4,27,M
4869,1624,16,4,18,F
4870,1624,16,4,98,M
4871,1624,16,4,81,F
4872,1625,16,4,79,F
4873,1625,16,4,83,M
4874,1625,16,4,32,M
4875,1626,16,4,11,M
4876,1626,16,4,10,M
4877,1626,16,4,37,F
4878,1627,16,4,17,M
4879,1627,16,4,96,F
4880,1627,16,4,24,F
4881,1628,16,4,27,M
4882,1628,16,4,36,F
4883,1628,16,4,8,F
4884,1629,16,4,35,F
4885,1629,16,4,0,F
4886,1629,16,4,2,F
4887,1630,16,4,2,F
4888,1630,16,4,96,F
4889,1630,16,4,86,F
4890,1631,16,4,16,M
4891,1631,16,4,23,M
4892,1631,16,4,22,F
4893,1632,16,4,42,M
4894,1632,16,4,59,F
4895,1632,16,4,59,F
4896,1633,16,4,35,M
4897,1633,16,4,16,F
4898,1633,16,4,91,M
4899,1634,16,4,90,F
4900,1634,16,4,25,F
4901,1634,16,4,53,M
4902,1635,16,4,49,F
4903,1635,16,4,7,F
4904,1635,16,4,51,F
4905,1636,16,4,50,F
4906,1636,16,4,4,M
4907,1636,16,4,83,M
4908,1637,16,4,14,M
4909,1637,16,4,40,F
4910,1637,16,4,19,M
4911,1638,16,4,98,M
4912,1638,16,4,6,M
4913,1638,16,4,68,F
4914,1639,16,4,71,F
4915,1639,16,4,91,M
4916,1639,16,4,54,M
4917,1640,16,4,2,M
4918,1640,16,4,33,F
4919,1640,16,4,53,M
4920,1641,16,4,91,F
4921,1641,16,4,6,F
4922,1641,16,4,25,M
4923,1642,16,4,11,F
4924,1642,16,4,32,F
4925,1642,16,4,13,M
4926,1643,16,4,32,M
4927,1643,16,4,5,M
4928,1643,16,4,56,M
4929,1644,16,4,12,M
4930,1644,16,4,88,F
4931,1644,16,4,73,M
4932,1645,16,4,21,F
4933,1645,16,4,11,M
4934,1645,16,4,49,F
4935,1646,16,4,40,F
4936,1646,16,4,54,M
4937,1646,16,4,76,F
4938,1647,16,4,31,F
4939,1647,16,4,85,M
4940,1647,16,4,7,F
4941,1648,16,4,6,F
4942,1648,16,4,13,F
4943,1648,16,4,1,F
4944,1649,16,4,91,F
4945,1649,16,4,27,F
4946,1649,16,4,4,M
4947,1650,16,4,97,M
4948,1650,16,4,44,M
4949,1650,16,4,83,F
4950,1651,16,4,28,M
4951,1651,16,4,46,M
4952,1651,16,4,50,F
4953,1652,16,4,59,M
4954,1652,16,4,20,F
4955,1652,16,4,12,M
4956,1653,16,4,8,F
4957,1653,16,4,91,M
4958,1653,16,4,14,M
4959,1654,16,4,77,M
4960,1654,16,4,21,M
4961,1654,16,4,94,M
4962,1655,16,4,87,F
4963,1655,16,4,94,F
4964,1655,16,4,67,M
4965,1656,16,4,2,M
4966,1656,16,4,58,F
4967,1656,16,4,37,M
4968,1657,16,4,1,M
4969,1657,16,4,1,M
4970,1657,16,4,44,F
4971,1658,16,4,62,M
4972,1658,16,4,46,M
4973,1658,16,4,26,F
4974,1659,16,4,64,F
4975,1659,16,4,64,M
4976,1659,16,4,6,M
4977,1660,16,4,88,F
4978,1660,16,4,22,F
4979,1660,16,4,32,M
4980,1661,16,4,14,M
4981,1661,16,4,51,M
4982,1661,16,4,29,M
4983,1662,16,4,99,M
4984,1662,16,4,85,M
4985,1662,16,4,78,M
4986,1663,16,4,3,F
4987,1663,16,4,10,M
4988,1663,16,4,19,M
4989,1664,16,4,100,M
4990,1664,16,4,53,F
4991,1664,16,4,59,M
4992,1665,16,4,4,M
4993,1665,16,4,39,F
4994,1665,16,4,88,M
4995,1666,16,4,33,F
4996,1666,16,4,93,F
4997,1666,16,4,85,M
4998,1667,16,4,43,F
4999,1667,16,4,19,M
5000,1667,16,4,3,F
5001,1668,16,4,65,F
5002,1668,16,4,16,M
5003,1668,16,4,90,M
5004,1669,16,4,18,M
5005,1669,16,4,7,M
5006,1669,16,4,2,M
5007,1670,16,4,64,F
5008,1670,16,4,95,M
5009,1670,16,4,40,M
5010,1671,16,4,16,F
5011,1671,16,4,18,M
5012,1671,16,4,3,F
5013,1672,16,4,39,F
5014,1672,16,4,26,M
5015,1672,16,4,13,F
5016,1673,16,4,11,F
5017,1673,16,4,44,F
5018,1673,16,4,1,F
5019,1674,16,4,93,F
5020,1674,16,4,91,F
5021,1674,16,4,78,M
5022,1675,16,4,71,F
5023,1675,16,4,67,F
5024,1675,16,4,84,M
5025,1676,16,4,77,F
5026,1676,16,4,95,F
5027,1676,16,4,83,F
5028,1677,16,4,31,F
5029,1677,16,4,9,F
5030,1677,16,4,36,M
5031,1678,16,4,7,M
5032,1678,16,4,16,F
5033,1678,16,4,5,M
5034,1679,16,4,73,F
5035,1679,16,4,20,F
5036,1679,16,4,2,F
5037,1680,16,4,23,F
5038,1680,16,4,74,M
5039,1680,16,4,7,F
5040,1681,16,4,81,M
5041,1681,16,4,33,M
5042,1681,16,4,33,F
5043,1682,16,4,2,F
5044,1682,16,4,38,M
5045,1682,16,4,29,M
5046,1683,16,4,16,F
5047,1683,16,4,95,F
5048,1683,16,4,10,F
5049,1684,16,4,15,F
5050,1684,16,4,7,M
5051,1684,16,4,8,M
5052,1685,17,4,59,M
5053,1685,17,4,62,F
5054,1685,17,4,50,M
5055,1686,17,4,46,M
5056,1686,17,4,3,F
5057,1686,17,4,98,M
5058,1687,17,4,62,F
5059,1687,17,4,45,M
5060,1687,17,4,52,F
5061,1688,17,4,6,F
5062,1688,17,4,6,M
5063,1688,17,4,14,F
5064,1689,17,4,49,F
5065,1689,17,4,4,F
5066,1689,17,4,85,M
5067,1690,17,4,1,F
5068,1690,17,4,20,F
5069,1690,17,4,88,F
5070,1691,17,4,36,F
5071,1691,17,4,55,M
5072,1691,17,4,24,F
5073,1692,17,4,92,M
5074,1692,17,4,6,M
5075,1692,17,4,77,F
5076,1693,17,4,93,F
5077,1693,17,4,80,M
5078,1693,17,4,59,M
5079,1694,17,4,26,M
5080,1694,17,4,95,M
5081,1694,17,4,48,F
5082,1695,17,4,45,M
5083,1695,17,4,82,M
5084,1695,17,4,53,F
5085,1696,17,4,19,M
5086,1696,17,4,81,F
5087,1696,17,4,90,F
5088,1697,17,4,14,F
5089,1697,17,4,13,F
5090,1697,17,4,70,M
5091,1698,17,4,63,F
5092,1698,17,4,68,F
5093,1698,17,4,23,F
5094,1699,17,4,47,M
5095,1699,17,4,90,F
5096,1699,17,4,53,F
5097,1700,17,4,75,M
5098,1700,17,4,48,M
5099,1700,17,4,92,M
5100,1701,17,4,73,F
5101,1701,17,4,61,M
5102,1701,17,4,53,F
5103,1702,17,4,21,M
5104,1702,17,4,4,F
5105,1702,17,4,41,M
5106,1703,17,4,49,M
5107,1703,17,4,88,F
5108,1703,17,4,0,M
5109,1704,17,4,30,F
5110,1704,17,4,69,M
5111,1704,17,4,85,F
5112,1705,17,4,1,M
5113,1705,17,4,99,M
5114,1705,17,4,42,F
5115,1706,17,4,89,F
5116,1706,17,4,7,M
5117,1706,17,4,66,M
5118,1707,17,4,20,F
5119,1707,17,4,51,M
5120,1707,17,4,100,M
5121,1708,17,4,4,F
5122,1708,17,4,94,F
5123,1708,17,4,56,F
5124,1709,17,4,17,F
5125,1709,17,4,64,M
5126,1709,17,4,67,M
5127,1710,17,4,9,M
5128,1710,17,4,51,F
5129,1710,17,4,61,F
5130,1711,17,4,25,F
5131,1711,17,4,10,F
5132,1711,17,4,94,M
5133,1712,17,4,14,F
5134,1712,17,4,21,F
5135,1712,17,4,17,F
5136,1713,17,4,19,M
5137,1713,17,4,95,M
5138,1713,17,4,78,M
5139,1714,17,4,32,F
5140,1714,17,4,49,F
5141,1714,17,4,6,F
5142,1715,17,4,10,F
5143,1715,17,4,16,F
5144,1715,17,4,13,M
5145,1716,17,4,17,F
5146,1716,17,4,99,M
5147,1716,17,4,91,F
5148,1717,17,4,8,M
5149,1717,17,4,46,M
5150,1717,17,4,1,M
5151,1718,17,4,96,M
5152,1718,17,4,0,M
5153,1718,17,4,24,F
5154,1719,17,4,93,F
5155,1719,17,4,68,M
5156,1719,17,4,80,F
5157,1720,17,4,91,M
5158,1720,17,4,33,F
5159,1720,17,4,39,M
5160,1721,17,4,84,F
5161,1721,17,4,68,M
5162,1721,17,4,97,M
5163,1722,17,4,70,M
5164,1722,17,4,68,F
5165,1722,17,4,9,F
5166,1723,17,4,16,M
5167,1723,17,4,65,F
5168,1723,17,4,87,M
5169,1724,17,4,32,F
5170,1724,17,4,11,M
5171,1724,17,4,94,M
5172,1725,17,4,14,F
5173,1725,17,4,85,M
5174,1725,17,4,61,F
5175,1726,17,4,36,F
5176,1726,17,4,78,F
5177,1726,17,4,17,M
5178,1727,17,4,56,M
5179,1727,17,4,95,M
5180,1727,17,4,0,M
5181,1728,17,4,39,M
5182,1728,17,4,65,M
5183,1728,17,4,30,F
5184,1729,17,4,54,M
5185,1729,17,4,57,F
5186,1729,17,4,44,M
5187,1730,17,4,86,M
5188,1730,17,4,85,F
5189,1730,17,4,39,F
5190,1731,17,4,52,F
5191,1731,17,4,17,M
5192,1731,17,4,6,F
5193,1732,17,4,30,F
5194,1732,17,4,19,F
5195,1732,17,4,7,F
5196,1733,17,4,95,M
5197,1733,17,4,22,F
5198,1733,17,4,65,F
5199,1734,17,4,81,F
5200,1734,17,4,52,M
5201,1734,17,4,1,F
5202,1735,17,4,41,F
5203,1735,17,4,3,F
5204,1735,17,4,15,F
5205,1736,17,4,29,F
5206,1736,17,4,31,F
5207,1736,17,4,90,F
5208,1737,17,4,38,M
5209,1737,17,4,21,M
5210,1737,17,4,18,F
5211,1738,17,4,13,M
5212,1738,17,4,44,M
5213,1738,17,4,94,F
5214,1739,17,4,7,M
5215,1739,17,4,94,M
5216,1739,17,4,77,M
5217,1740,17,4,74,F
5218,1740,17,4,90,M
5219,1740,17,4,59,M
5220,1741,17,4,23,M
5221,1741,17,4,99,F
5222,1741,17,4,84,M
5223,1742,17,4,17,M
5224,1742,17,4,90,F
5225,1742,17,4,30,M
5226,1743,17,4,93,M
5227,1743,17,4,82,M
5228,1743,17,4,40,F
5229,1744,17,4,2,F
5230,1744,17,4,18,M
5231,1744,17,4,56,M
5232,1745,17,4,2,M
5233,1745,17,4,78,F
5234,1745,17,4,59,M
5235,1746,17,4,79,F
5236,1746,17,4,84,M
5237,1746,17,4,4,F
5238,1747,17,4,1,M
5239,1747,17,4,5,F
5240,1747,17,4,11,F
5241,1748,17,4,74,F
5242,1748,17,4,41,M
5243,1748,17,4,18,F
5244,1749,17,4,12,F
5245,1749,17,4,97,F
5246,1749,17,4,25,F
5247,1750,17,4,5,F
5248,1750,17,4,47,F
5249,1750,17,4,17,M
5250,1751,17,4,26,F
5251,1751,17,4,68,F
5252,1751,17,4,72,M
5253,1752,17,4,34,M
5254,1752,17,4,28,M
5255,1752,17,4,34,F
5256,1753,17,4,48,F
5257,1753,17,4,20,M
5258,1753,17,4,5,M
5259,1754,17,4,12,F
5260,1754,17,4,51,M
5261,1754,17,4,8,F
5262,1755,17,4,43,M
5263,1755,17,4,3,F
5264,1755,17,4,15,F
5265,1756,17,4,69,M
5266,1756,17,4,2,F
5267,1756,17,4,85,F
5268,1757,17,4,63,F
5269,1757,17,4,46,F
5270,1757,17,4,96,M
5271,1758,17,4,19,F
5272,1758,17,4,42,M
5273,1758,17,4,91,F
5274,1759,17,4,64,F
5275,1759,17,4,7,M
5276,1759,17,4,9,M
5277,1760,18,4,32,M
5278,1760,18,4,2,F
5279,1760,18,4,39,F
5280,1761,18,4,8,F
5281,1761,18,4,28,F
5282,1761,18,4,7,F
5283,1762,18,4,67,F
5284,1762,18,4,43,F
5285,1762,18,4,48,M
5286,1763,18,4,8,M
5287,1763,18,4,77,F
5288,1763,18,4,42,F
5289,1764,18,4,37,M
5290,1764,18,4,93,M
5291,1764,18,4,9,F
5292,1765,18,4,0,F
5293,1765,18,4,10,F
5294,1765,18,4,4,M
5295,1766,18,4,18,M
5296,1766,18,4,12,M
5297,1766,18,4,45,F
5298,1767,18,4,5,F
5299,1767,18,4,51,M
5300,1767,18,4,22,M
5301,1768,18,4,21,M
5302,1768,18,4,92,F
5303,1768,18,4,17,F
5304,1769,18,4,50,F
5305,1769,18,4,24,F
5306,1769,18,4,93,M
5307,1770,18,4,4,M
5308,1770,18,4,6,M
5309,1770,18,4,16,F
5310,1771,18,4,48,M
5311,1771,18,4,76,F
5312,1771,18,4,19,F
5313,1772,18,4,96,F
5314,1772,18,4,12,M
5315,1772,18,4,74,M
5316,1773,18,4,5,M
5317,1773,18,4,8,F
5318,1773,18,4,85,F
5319,1774,18,4,4,M
5320,1774,18,4,8,F
5321,1774,18,4,31,F
5322,1775,18,4,19,M
5323,1775,18,4,14,F
5324,1775,18,4,25,F
5325,1776,18,4,65,F
5326,1776,18,4,18,F
5327,1776,18,4,44,M
5328,1777,18,4,95,F
5329,1777,18,4,66,F
5330,1777,18,4,47,F
5331,1778,18,4,64,F
5332,1778,18,4,62,F
5333,1778,18,4,58,M
5334,1779,18,4,1,F
5335,1779,18,4,83,F
5336,1779,18,4,68,M
5337,1780,18,4,54,M
5338,1780,18,4,26,M
5339,1780,18,4,92,M
5340,1781,18,4,11,F
5341,1781,18,4,43,M
5342,1781,18,4,50,F
5343,1782,18,4,5,F
5344,1782,18,4,90,M
5345,1782,18,4,53,M
5346,1783,18,4,58,F
5347,1783,18,4,28,F
5348,1783,18,4,16,M
5349,1784,18,4,97,M
5350,1784,18,4,84,F
5351,1784,18,4,100,F
5352,1785,18,4,39,F
5353,1785,18,4,70,M
5354,1785,18,4,2,M
5355,1786,18,4,54,M
5356,1786,18,4,65,M
5357,1786,18,4,85,M
5358,1787,18,4,5,M
5359,1787,18,4,3,M
5360,1787,18,4,19,F
5361,1788,18,4,98,M
5362,1788,18,4,59,M
5363,1788,18,4,20,F
5364,1789,18,4,88,M
5365,1789,18,4,89,F
5366,1789,18,4,42,F
5367,1790,18,4,30,M
5368,1790,18,4,3,M
5369,1790,18,4,68,M
5370,1791,18,4,10,M
5371,1791,18,4,16,M
5372,1791,18,4,63,F
5373,1792,18,4,10,M
5374,1792,18,4,18,F
5375,1792,18,4,7,F
5376,1793,18,4,48,M
5377,1793,18,4,48,F
5378,1793,18,4,5,M
5379,1794,18,4,11,M
5380,1794,18,4,11,M
5381,1794,18,4,72,M
5382,1795,18,4,13,F
5383,1795,18,4,35,M
5384,1795,18,4,18,M
5385,1796,18,4,70,M
5386,1796,18,4,18,F
5387,1796,18,4,65,M
5388,1797,18,4,16,F
5389,1797,18,4,30,M
5390,1797,18,4,16,M
5391,1798,18,4,10,F
5392,1798,18,4,15,F
5393,1798,18,4,16,F
5394,1799,18,4,22,F
5395,1799,18,4,22,F
5396,1799,18,4,80,M
5397,1800,18,4,2,F
5398,1800,18,4,9,M
5399,1800,18,4,100,F
5400,1801,18,4,21,F
5401,1801,18,4,12,F
5402,1801,18,4,5,M
5403,1802,18,4,15,F
5404,1802,18,4,15,M
5405,1802,18,4,42,M
5406,1803,18,4,37,F
5407,1803,18,4,51,F
5408,1803,18,4,48,M
5409,1804,18,4,19,M
5410,1804,18,4,56,M
5411,1804,18,4,9,F
5412,1805,18,4,20,M
5413,1805,18,4,11,F
5414,1805,18,4,18,F
5415,1806,18,4,46,M
5416,1806,18,4,33,F
5417,1806,18,4,51,F
5418,1807,18,4,68,F
5419,1807,18,4,80,F
5420,1807,18,4,67,F
5421,1808,18,4,38,F
5422,1808,18,4,18,M
5423,1808,18,4,72,M
5424,1809,18,4,30,F
5425,1809,18,4,95,F
5426,1809,18,4,51,M
5427,1810,18,4,41,F
5428,1810,18,4,87,M
5429,1810,18,4,95,M
5430,1811,18,4,7,F
5431,1811,18,4,75,M
5432,1811,18,4,97,F
5433,1812,18,4,75,M
5434,1812,18,4,76,F
5435,1812,18,4,27,F
5436,1813,18,4,0,M
5437,1813,18,4,12,M
5438,1813,18,4,18,M
5439,1814,18,4,11,M
5440,1814,18,4,32,M
5441,1814,18,4,9,F
5442,1815,18,4,0,M
5443,1815,18,4,21,F
5444,1815,18,4,46,F
5445,1816,18,4,64,F
5446,1816,18,4,60,F
5447,1816,18,4,65,M
5448,1817,18,4,26,F
5449,1817,18,4,72,M
5450,1817,18,4,28,F
5451,1818,18,4,88,F
5452,1818,18,4,52,M
5453,1818,18,4,21,M
5454,1819,18,4,13,M
5455,1819,18,4,72,F
5456,1819,18,4,23,M
5457,1820,18,4,53,F
5458,1820,18,4,90,M
5459,1820,18,4,8,M
5460,1821,18,4,2,F
5461,1821,18,4,32,F
5462,1821,18,4,26,M
5463,1822,18,4,31,F
5464,1822,18,4,18,F
5465,1822,18,4,2,F
5466,1823,18,4,10,F
5467,1823,18,4,62,M
5468,1823,18,4,36,M
5469,1824,18,4,21,M
5470,1824,18,4,59,F
5471,1824,18,4,77,M
5472,1825,18,4,9,M
5473,1825,18,4,49,F
5474,1825,18,4,63,M
5475,1826,18,4,38,F
5476,1826,18,4,31,M
5477,1826,18,4,18,F
5478,1827,18,4,69,M
5479,1827,18,4,53,F
5480,1827,18,4,40,F
5481,1828,18,4,66,F
5482,1828,18,4,6,M
5483,1828,18,4,98,F
5484,1829,18,4,85,M
5485,1829,18,4,9,F
5486,1829,18,4,94,F
5487,1830,19,4,78,F
5488,1830,19,4,32,F
5489,1830,19,4,17,M
5490,1831,19,4,85,F
5491,1831,19,4,24,F
5492,1831,19,4,15,F
5493,1832,19,4,61,M
5494,1832,19,4,45,M
5495,1832,19,4,17,F
5496,1833,19,4,1,F
5497,1833,19,4,18,M
5498,1833,19,4,52,F
5499,1834,19,4,68,F
5500,1834,19,4,15,M
5501,1834,19,4,44,M
5502,1835,19,4,67,F
5503,1835,19,4,32,F
5504,1835,19,4,21,F
5505,1836,19,4,63,M
5506,1836,19,4,91,F
5507,1836,19,4,2,F
5508,1837,19,4,25,M
5509,1837,19,4,53,M
5510,1837,19,4,26,M
5511,1838,19,4,20,F
5512,1838,19,4,31,M
5513,1838,19,4,11,F
5514,1839,19,4,67,M
5515,1839,19,4,81,F
5516,1839,19,4,96,M
5517,1840,19,4,49,F
5518,1840,19,4,54,M
5519,1840,19,4,64,M
5520,1841,19,4,25,F
5521,1841,19,4,13,F
5522,1841,19,4,16,M
5523,1842,19,4,16,M
5524,1842,19,4,53,M
5525,1842,19,4,62,F
5526,1843,19,4,0,M
5527,1843,19,4,1,F
5528,1843,19,4,59,F
5529,1844,19,4,16,F
5530,1844,19,4,5,M
5531,1844,19,4,1,F
5532,1845,19,4,13,F
5533,1845,19,4,68,F
5534,1845,19,4,51,F
5535,1846,19,4,45,F
5536,1846,19,4,92,M
5537,1846,19,4,21,F
5538,1847,19,4,21,F
5539,1847,19,4,9,F
5540,1847,19,4,12,M
5541,1848,19,4,61,F
5542,1848,19,4,28,M
5543,1848,19,4,56,F
5544,1849,19,4,5,F
5545,1849,19,4,18,F
5546,1849,19,4,34,F
5547,1850,19,4,1,M
5548,1850,19,4,55,F
5549,1850,19,4,30,M
5550,1851,19,4,70,F
5551,1851,19,4,47,F
5552,1851,19,4,99,F
5553,1852,19,4,91,M
5554,1852,19,4,25,M
5555,1852,19,4,5,M
5556,1853,19,4,12,M
5557,1853,19,4,49,M
5558,1853,19,4,84,F
5559,1854,19,4,46,F
5560,1854,19,4,70,F
5561,1854,19,4,88,F
5562,1855,19,4,19,F
5563,1855,19,4,56,F
5564,1855,19,4,40,F
5565,1856,19,4,13,F
5566,1856,19,4,39,F
5567,1856,19,4,17,F
5568,1857,19,4,9,M
5569,1857,19,4,28,M
5570,1857,19,4,44,F
5571,1858,19,4,72,M
5572,1858,19,4,62,M
5573,1858,19,4,26,F
5574,1859,19,4,97,F
5575,1859,19,4,11,M
5576,1859,19,4,54,M
5577,1860,19,4,53,M
5578,1860,19,4,52,F
5579,1860,19,4,94,F
5580,1861,19,4,53,M
5581,1861,19,4,48,F
5582,1861,19,4,62,F
5583,1862,19,4,1,F
5584,1862,19,4,46,M
5585,1862,19,4,82,M
5586,1863,19,4,35,M
5587,1863,19,4,10,M
5588,1863,19,4,19,F
5589,1864,19,4,3,M
5590,1864,19,4,12,F
5591,1864,19,4,35,F
5592,1865,19,4,99,M
5593,1865,19,4,97,M
5594,1865,19,4,77,F
5595,1866,19,4,85,M
5596,1866,19,4,14,M
5597,1866,19,4,0,M
5598,1867,19,4,62,F
5599,1867,19,4,84,F
5600,1867,19,4,84,M
5601,1868,19,4,74,F
5602,1868,19,4,86,M
5603,1868,19,4,66,M
5604,1869,19,4,33,M
5605,1869,19,4,17,F
5606,1869,19,4,80,M
5607,1870,19,4,23,F
5608,1870,19,4,31,M
5609,1870,19,4,6,F
5610,1871,19,4,71,M
5611,1871,19,4,67,F
5612,1871,19,4,29,F
5613,1872,19,4,8,M
5614,1872,19,4,76,M
5615,1872,19,4,16,F
5616,1873,19,4,57,M
5617,1873,19,4,35,F
5618,1873,19,4,71,F
5619,1874,19,4,21,F
5620,1874,19,4,20,F
5621,1874,19,4,64,F
5622,1875,19,4,51,M
5623,1875,19,4,8,F
5624,1875,19,4,1,F
5625,1876,19,4,48,F
5626,1876,19,4,18,M
5627,1876,19,4,48,F
5628,1877,19,4,37,F
5629,1877,19,4,61,M
5630,1877,19,4,69,M
5631,1878,19,4,8,F
5632,1878,19,4,83,F
5633,1878,19,4,57,M
5634,1879,19,4,82,F
5635,1879,19,4,8,M
5636,1879,19,4,15,F
5637,1880,19,4,37,M
5638,1880,19,4,97,M
5639,1880,19,4,51,F
5640,1881,19,4,43,F
5641,1881,19,4,84,F
5642,1881,19,4,58,F
5643,1882,19,4,10,F
5644,1882,19,4,0,M
5645,1882,19,4,21,F
5646,1883,19,4,12,M
5647,1883,19,4,16,M
5648,1883,19,4,58,F
5649,1884,19,4,40,M
5650,1884,19,4,81,M
5651,1884,19,4,69,F
5652,1885,19,4,60,F
5653,1885,19,4,55,F
5654,1885,19,4,41,F
5655,1886,19,4,46,M
5656,1886,19,4,97,M
5657,1886,19,4,34,M
5658,1887,19,4,14,M
5659,1887,19,4,63,M
5660,1887,19,4,13,F
5661,1888,19,4,10,F
5662,1888,19,4,46,M
5663,1888,19,4,69,M
5664,1889,19,4,89,M
5665,1889,19,4,43,M
5666,1889,19,4,12,M
5667,1890,19,4,50,F
5668,1890,19,4,36,M
5669,1890,19,4,19,M
5670,1891,19,4,11,M
5671,1891,19,4,33,F
5672,1891,19,4,11,M
5673,1892,19,4,52,F
5674,1892,19,4,48,F
5675,1892,19,4,84,M
5676,1893,19,4,67,F
5677,1893,19,4,74,M
5678,1893,19,4,51,F
5679,1894,19,4,100,F
5680,1894,19,4,71,F
5681,1894,19,4,39,M
5682,1895,19,4,19,F
5683,1895,19,4,42,F
5684,1895,19,4,15,M
5685,1896,19,4,21,F
5686,1896,19,4,55,M
5687,1896,19,4,98,M
5688,1897,19,4,38,F
5689,1897,19,4,88,F
5690,1897,19,4,39,M
5691,1898,19,4,3,F
5692,1898,19,4,61,M
5693,1898,19,4,91,F
5694,1899,19,4,21,M
5695,1899,19,4,11,M
5696,1899,19,4,72,M
5697,1900,19,4,18,F
5698,1900,19,4,19,F
5699,1900,19,4,6,F
5700,1901,19,4,92,M
5701,1901,19,4,49,M
5702,1901,19,4,19,M
5703,1902,19,4,72,M
5704,1902,19,4,83,M
5705,1902,19,4,19,F
5706,1903,19,4,59,F
5707,1903,19,4,74,F
5708,1903,19,4,13,F
5709,1904,19,4,37,F
5710,1904,19,4,24,F
5711,1904,19,4,20,F
5712,1905,19,4,80,F
5713,1905,19,4,34,F
5714,1905,19,4,48,F
5715,1906,19,4,0,F
5716,1906,19,4,3,F
5717,1906,19,4,22,M
5718,1907,19,4,97,F
5719,1907,19,4,1,M
5720,1907,19,4,12,F
5721,1908,19,4,17,F
5722,1908,19,4,1,F
5723,1908,19,4,75,F
5724,1909,19,4,47,M
5725,1909,19,4,76,F
5726,1909,19,4,83,M
5727,1910,19,4,4,M
5728,1910,19,4,19,F
5729,1910,19,4,93,F
5730,1911,19,4,95,M
5731,1911,19,4,74,F
5732,1911,19,4,63,F
5733,1912,19,4,15,F
5734,1912,19,4,3,M
5735,1912,19,4,57,F
5736,1913,19,4,45,F
5737,1913,19,4,91,M
5738,1913,19,4,37,M
5739,1914,19,4,19,F
5740,1914,19,4,79,M
5741,1914,19,4,51,M
5742,1915,19,4,47,F
5743,1915,19,4,14,F
5744,1915,19,4,47,F
5745,1916,19,4,63,M
5746,1916,19,4,73,M
5747,1916,19,4,85,F
5748,1917,19,4,95,F
5749,1917,19,4,89,F
5750,1917,19,4,70,M
5751,1918,19,4,11,F
5752,1918,19,4,13,F
5753,1918,19,4,20,F
5754,1919,19,4,15,M
5755,1919,19,4,8,F
5756,1919,19,4,31,F
5757,1920,19,4,76,M
5758,1920,19,4,90,F
5759,1920,19,4,0,F
5760,1921,19,4,100,F
5761,1921,19,4,75,F
5762,1921,19,4,17,F
5763,1922,19,4,56,M
5764,1922,19,4,48,M
5765,1922,19,4,44,M
5766,1923,19,4,49,F
5767,1923,19,4,53,M
5768,1923,19,4,70,F
5769,1924,19,4,78,F
5770,1924,19,4,34,M
5771,1924,20,4,4,F
5772,1925,20,4,34,F
5773,1925,20,4,87,F
5774,1925,20,4,49,M
5775,1926,20,4,55,F
5776,1926,20,4,1,M
5777,1926,20,4,19,M
5778,1927,20,4,15,M
5779,1927,20,4,50,F
5780,1927,20,4,44,M
5781,1928,20,4,73,F
5782,1928,20,4,88,M
5783,1928,20,4,11,M
5784,1929,20,4,12,M
5785,1929,20,4,6,M
5786,1929,20,4,74,F
5787,1930,20,4,95,F
5788,1930,20,4,85,M
5789,1930,20,4,59,M
5790,1931,20,4,18,F
5791,1931,20,4,99,M
5792,1931,20,4,93,M
5793,1932,20,4,73,M
5794,1932,20,4,8,F
5795,1932,20,4,7,F
5796,1933,20,4,1,M
5797,1933,20,4,26,F
5798,1933,20,4,33,M
5799,1934,20,4,12,F
5800,1934,20,4,51,M
5801,1934,20,4,5,M
5802,1935,20,4,41,M
5803,1935,20,4,9,M
5804,1935,20,4,7,F
5805,1936,20,4,69,F
5806,1936,20,4,70,F
5807,1936,20,4,30,M
5808,1937,20,4,99,F
5809,1937,20,4,37,M
5810,1937,20,4,94,M
5811,1938,20,4,0,F
5812,1938,20,4,28,M
5813,1938,20,4,22,F
5814,1939,20,4,81,F
5815,1939,20,4,94,F
5816,1939,20,4,13,M
5817,1940,20,4,58,F
5818,1940,20,4,85,M
5819,1940,20,4,95,F
5820,1941,20,4,68,F
5821,1941,20,4,2,M
5822,1941,20,4,10,M
5823,1942,20,4,7,M
5824,1942,20,4,8,F
5825,1942,20,4,72,M
5826,1943,20,4,52,M
5827,1943,20,4,84,F
5828,1943,20,4,24,F
5829,1944,20,4,79,F
5830,1944,20,4,10,M
5831,1944,20,4,69,M
5832,1945,20,4,24,M
5833,1945,20,4,75,M
5834,1945,20,4,40,F
5835,1946,20,4,28,F
5836,1946,20,4,89,F
5837,1946,20,4,55,M
5838,1947,20,4,74,F
5839,1947,20,4,1,F
5840,1947,20,4,2,M
5841,1948,20,4,90,M
5842,1948,20,4,45,M
5843,1948,20,4,9,M
5844,1949,20,4,22,M
5845,1949,20,4,5,M
5846,1949,20,4,6,F
5847,1950,20,4,36,F
5848,1950,20,4,83,F
5849,1950,20,4,8,M
5850,1951,20,4,18,F
5851,1951,20,4,88,F
5852,1951,20,4,7,F
5853,1952,20,4,95,M
5854,1952,20,4,37,M
5855,1952,20,4,7,M
5856,1953,20,4,77,M
5857,1953,20,4,13,M
5858,1953,20,4,69,F
5859,1954,20,4,17,M
5860,1954,20,4,15,F
5861,1954,20,4,11,F
5862,1955,20,4,19,F
5863,1955,20,4,60,F
5864,1955,20,4,71,M
5865,1956,20,4,19,F
5866,1956,20,4,60,M
5867,1956,20,4,70,F
5868,1957,20,4,56,M
5869,1957,20,4,98,M
5870,1957,20,4,8,M
5871,1958,20,4,81,M
5872,1958,20,4,9,F
5873,1958,20,4,0,F
5874,1959,20,4,38,F
5875,1959,20,4,11,F
5876,1959,20,4,34,M
5877,1960,20,4,34,F
5878,1960,20,4,46,M
5879,1960,20,4,70,F
5880,1961,20,4,20,M
5881,1961,20,4,15,F
5882,1961,20,4,73,F
5883,1962,20,4,60,F
5884,1962,20,4,72,F
5885,1962,20,4,3,F
5886,1963,20,4,31,M
5887,1963,20,4,96,M
5888,1963,20,4,5,F
5889,1964,20,4,80,M
5890,1964,20,4,46,F
5891,1964,20,4,7,F
5892,1965,20,4,18,F
5893,1965,20,4,46,M
5894,1965,20,4,96,M
5895,1966,20,4,28,M
5896,1966,20,4,8,M
5897,1966,20,4,73,M
5898,1967,20,4,68,F
5899,1967,20,4,43,M
5900,1967,20,4,48,M
5901,1968,20,4,76,F
5902,1968,20,4,45,M
5903,1968,20,4,25,M
5904,1969,20,4,62,M
5905,1969,20,4,82,M
5906,1969,20,4,45,F
5907,1970,20,4,83,F
5908,1970,20,4,2,F
5909,1970,20,4,17,F
5910,1971,20,4,88,F
5911,1971,20,4,19,F
5912,1971,20,4,0,F
5913,1972,20,4,65,F
5914,1972,20,4,12,M
5915,1972,20,4,3,F
5916,1973,20,4,8,F
5917,1973,20,4,79,M
5918,1973,20,4,27,M
5919,1974,20,4,58,F
5920,1974,20,4,51,M
5921,1974,20,4,80,M
5922,1975,20,4,13,F
5923,1975,20,4,8,F
5924,1975,20,4,7,M
5925,1976,20,4,12,M
5926,1976,20,4,61,F
5927,1976,20,4,0,M
5928,1977,20,4,42,M
5929,1977,20,4,73,F
5930,1977,20,4,14,F
5931,1978,20,4,18,M
5932,1978,20,4,45,F
5933,1978,20,4,9,F
5934,1979,20,4,85,M
5935,1979,20,4,26,F
5936,1979,20,4,6,F
5937,1980,20,4,31,M
5938,1980,20,4,86,F
5939,1980,20,4,71,M
5940,1981,20,4,43,M
5941,1981,20,4,100,F
5942,1981,20,4,14,F
5943,1982,20,4,81,F
5944,1982,20,4,31,M
5945,1982,20,4,84,F
5946,1983,20,4,81,F
5947,1983,20,4,89,F
5948,1983,20,4,30,F
5949,1984,20,4,98,M
5950,1984,20,4,0,F
5951,1984,20,4,14,F
5952,1985,20,4,13,F
5953,1985,20,4,60,M
5954,1985,20,4,100,F
5955,1986,20,4,47,F
5956,1986,20,4,53,F
5957,1986,20,4,2,M
5958,1987,20,4,51,M
5959,1987,20,4,49,M
5960,1987,20,4,96,M
5961,1988,20,4,23,F
5962,1988,20,4,78,M
5963,1988,20,4,22,F
5964,1989,20,4,83,M
5965,1989,20,4,93,F
5966,1989,20,4,60,M
5967,1990,20,4,13,M
5968,1990,20,4,1,F
5969,1990,20,4,5,F
5970,1991,20,4,77,F
5971,1991,20,4,82,F
5972,1991,20,4,23,F
5973,1992,20,4,22,M
5974,1992,20,4,16,M
5975,1992,20,4,19,F
5976,1993,20,4,73,M
5977,1993,20,4,12,F
5978,1993,20,4,69,F
5979,1994,20,4,74,M
5980,1994,20,4,82,M
5981,1994,20,4,20,M
5982,1995,20,4,19,F
5983,1995,20,4,6,M
5984,1995,20,4,57,F
5985,1996,20,4,55,M
5986,1996,20,4,71,M
5987,1996,20,4,16,F
5988,1997,20,4,22,F
5989,1997,20,4,88,M
5990,1997,20,4,96,F
5991,1998,20,4,0,M
5992,1998,20,4,50,F
5993,1998,20,4,71,M
5994,1999,20,4,28,M
5995,1999,20,4,12,M
5996,1999,20,4,66,F
5997,2000,20,4,83,M
5998,2000,20,4,66,F
5999,2000,20,4,28,F
6000,2001,20,4,6,F
6001,2001,20,4,54,M
6002,2001,20,4,19,M
6003,2002,20,4,33,M
6004,2002,20,4,14,M
6005,2002,20,4,60,F
6006,2003,20,4,1,M
6007,2003,20,4,80,M
6008,2003,20,4,14,M
6009,2004,20,4,33,M
6010,2004,20,4,8,F
6011,2004,20,4,14,M
6012,2005,20,4,83,F
6013,2005,20,4,81,F
6014,2005,20,4,47,M
6015,2006,20,4,29,F
6016,2006,20,4,55,F
6017,2006,20,4,70,F
6018,2007,20,4,77,F
6019,2007,20,4,32,F
6020,2007,20,4,88,M
6021,2008,20,4,19,F
6022,2008,20,4,4,M
6023,2008,20,4,19,M
6024,2009,20,4,76,M
6025,2009,20,4,5,F
6026,2009,20,4,44,M
6027,2010,20,4,77,M
6028,2010,20,4,67,M
6029,2010,20,4,36,M
6030,2011,20,4,35,F
6031,2011,20,4,40,F
6032,2011,20,4,3,M
6033,2012,20,4,1,F
6034,2012,20,4,47,M
6035,2012,20,4,88,F
6036,2013,20,4,84,M
6037,2013,20,4,3,F
6038,2013,20,4,3,F
6039,2014,20,4,48,M
6040,2014,20,4,66,F
6041,2014,20,4,32,M
6042,2015,20,4,99,M
6043,2015,20,4,60,F
6044,2015,20,4,45,F
6045,2016,20,4,19,F
6046,2016,20,4,8,F
6047,2016,20,4,84,M
6048,2017,20,4,66,F
6049,2017,20,4,51,M
6050,2017,20,4,54,F
6051,2018,20,4,68,M
6052,2018,20,4,15,M
6053,2018,20,4,81,M
6054,2019,20,4,58,F
6055,2019,20,4,68,F
6056,2019,20,4,5,F
6057,2020,20,4,49,F
6058,2020,20,4,77,F
6059,2020,20,4,64,M
6060,2021,20,4,82,M
6061,2021,20,4,5,F
6062,2021,20,4,10,F
6063,2022,20,4,86,F
6064,2022,20,4,5,F
6065,2022,20,4,28,M
6066,2023,20,4,22,M
6067,2023,20,4,21,M
6068,2023,20,4,43,M
6069,2024,20,4,86,M
6070,2024,20,4,98,M
6071,2024,20,4,62,M
6072,2025,20,4,10,M
6073,2025,20,4,0,F
6074,2025,20,4,18,F
6075,2026,20,4,83,M
6076,2026,20,4,11,F
6077,2026,20,4,10,M
6078,2027,20,4,98,M
6079,2027,20,4,85,M
6080,2027,20,4,52,M
6081,2028,20,4,87,M
6082,2028,20,4,41,F
6083,2028,20,4,1,M
6084,2029,20,4,93,M
6085,2029,20,4,77,F
6086,2029,20,4,93,M
6087,2030,20,4,22,M
6088,2030,20,4,51,M
6089,2030,20,4,88,F
6090,2031,20,4,11,M
6091,2031,20,4,100,F
6092,2031,20,4,93,F
6093,2032,20,4,74,M
6094,2032,20,4,60,M
6095,2032,20,4,20,F
6096,2033,20,4,8,F
6097,2033,20,4,11,F
6098,2033,20,4,2,M
6099,2034,20,4,90,F
6100,2034,20,4,78,M
6101,2034,20,4,82,M
6102,2035,20,4,60,F
6103,2035,20,4,90,F
6104,2035,20,4,71,M
6105,2036,20,4,17,M
6106,2036,20,4,34,M
6107,2036,20,4,17,F
6108,2037,20,4,28,F
6109,2037,20,4,4,M
6110,2037,20,4,39,F
6111,2038,20,4,47,F
6112,2038,20,4,18,F
6113,2038,20,4,73,M
6114,2039,20,4,43,M
6115,2039,20,4,11,M
6116,2039,20,4,18,M
6117,2040,20,4,57,M
6118,2040,20,4,44,M
6119,2040,20,4,96,F
6120,2041,20,4,11,M
6121,2041,20,4,79,F
6122,2041,20,4,69,M
6123,2042,20,4,41,M
6124,2042,20,4,90,M
6125,2042,20,4,35,M
6126,2043,20,4,87,F
6127,2043,20,4,4,M
6128,2043,20,4,39,M
6129,2044,20,4,2,F
6130,2044,20,4,12,M
6131,2044,20,4,91,M
6132,2045,20,4,89,F
6133,2045,20,4,99,F
6134,2045,20,4,80,F
6135,2046,20,4,91,F
6136,2046,20,4,2,M
6137,2046,20,4,52,F
6138,2047,20,4,86,F
6139,2047,20,4,62,F
6140,2047,20,4,12,F
6141,2048,20,4,29,M
6142,2048,20,4,30,F
6143,2048,20,4,25,M
6144,2049,20,4,78,F
6145,2049,20,4,15,M
6146,2049,20,4,55,F
6147,2050,20,4,2,F
6148,2050,20,4,7,M
6149,2050,20,4,4,M
6150,2051,20,4,6,F
6151,2051,20,4,4,F
6152,2051,20,4,10,F
6153,2052,20,4,95,F
6154,2052,20,4,17,F
6155,2052,20,4,17,F
6156,2053,20,4,6,M
6157,2053,20,4,27,M
6158,2053,20,4,94,F
6159,2054,20,4,12,M
6160,2054,20,4,36,M
6161,2054,20,4,6,M
6162,2055,20,4,80,M
6163,2055,20,4,5,M
6164,2055,20,4,14,F
6165,2056,20,4,33,M
6166,2056,20,4,33,M
6167,2056,20,4,60,M
6168,2057,20,4,72,F
6169,2057,20,4,2,M
6170,2057,20,4,94,F
6171,2058,20,4,83,F
6172,2058,20,4,91,F
6173,2058,20,4,35,M
6174,2059,20,4,27,M
6175,2059,20,4,94,M
6176,2059,20,4,13,M
6177,2060,20,4,20,F
6178,2060,20,4,1,F
6179,2060,20,4,4,M
6180,2061,20,4,52,F
6181,2061,20,4,47,M
6182,2061,20,4,46,F
6183,2062,20,4,3,M
6184,2062,20,4,29,M
6185,2062,20,4,54,M
6186,2063,20,4,67,F
6187,2063,20,4,24,M
6188,2063,20,4,89,M
6189,2064,20,4,0,M
6190,2064,20,4,48,F
6191,2064,20,4,73,M
6192,2065,20,4,83,M
6193,2065,20,4,48,M
6194,2065,20,4,1,F
6195,2066,20,4,93,F
6196,2066,20,4,17,F
6197,2066,20,4,34,M
6198,2067,20,4,62,F
6199,2067,20,4,21,F
6200,2067,20,4,37,M
6201,2068,20,4,34,F
6202,2068,20,4,13,F
6203,2068,20,4,57,M
6204,2069,20,4,96,F
6205,2069,20,4,100,M
6206,2069,20,4,24,M
6207,2070,20,4,32,F
6208,2070,20,4,8,F
6209,2070,20,4,29,M
6210,2071,20,4,99,M
6211,2071,20,4,81,F
6212,2071,20,4,12,F
6213,2072,20,4,30,F
6214,2072,20,4,35,F
6215,2072,20,4,33,F
6216,2073,20,4,36,F
6217,2073,20,4,19,F
6218,2073,20,4,8,M
6219,2074,20,4,14,M
6220,2074,20,4,48,F
6221,2074,20,4,88,F
6222,2075,20,4,25,F
6223,2075,20,4,12,M
6224,2075,20,4,36,F
6225,2076,20,4,18,F
6226,2076,20,4,3,M
6227,2076,20,4,20,M
6228,2077,20,4,59,F
6229,2077,20,4,10,F
6230,2077,20,4,1,M
6231,2078,20,4,26,M
6232,2078,20,4,16,M
6233,2078,20,4,57,M
6234,2079,20,4,9,F
6235,2079,20,4,36,M
6236,2079,20,4,72,F
6237,2080,20,4,19,M
6238,2080,20,4,61,M
6239,2080,20,4,5,M
6240,2081,20,4,91,M
6241,2081,20,4,20,M
6242,2081,20,4,18,F
6243,2082,20,4,12,M
6244,2082,20,4,95,F
6245,2082,20,4,81,F
6246,2083,20,4,55,F
6247,2083,20,4,50,F
6248,2083,20,4,37,M
6249,2084,20,4,17,M
6250,2084,20,4,77,M
6251,2084,20,4,88,M
6252,2085,20,4,9,M
6253,2085,20,4,44,F
6254,2085,20,4,9,F
6255,2086,20,4,64,F
6256,2086,20,4,63,M
6257,2086,20,4,98,M
